-- MySQL dump 10.13  Distrib 5.7.23, for Win64 (x86_64)
--
-- Host: localhost    Database: books
-- ------------------------------------------------------
-- Server version	5.7.23-log

/*!40101 SET @OLD_CHARACTER_SET_CLIENT=@@CHARACTER_SET_CLIENT */;
/*!40101 SET @OLD_CHARACTER_SET_RESULTS=@@CHARACTER_SET_RESULTS */;
/*!40101 SET @OLD_COLLATION_CONNECTION=@@COLLATION_CONNECTION */;
/*!40101 SET NAMES utf8 */;
/*!40103 SET @OLD_TIME_ZONE=@@TIME_ZONE */;
/*!40103 SET TIME_ZONE='+00:00' */;
/*!40014 SET @OLD_UNIQUE_CHECKS=@@UNIQUE_CHECKS, UNIQUE_CHECKS=0 */;
/*!40014 SET @OLD_FOREIGN_KEY_CHECKS=@@FOREIGN_KEY_CHECKS, FOREIGN_KEY_CHECKS=0 */;
/*!40101 SET @OLD_SQL_MODE=@@SQL_MODE, SQL_MODE='NO_AUTO_VALUE_ON_ZERO' */;
/*!40111 SET @OLD_SQL_NOTES=@@SQL_NOTES, SQL_NOTES=0 */;

--
-- Table structure for table `auth_group`
--

DROP TABLE IF EXISTS `auth_group`;
/*!40101 SET @saved_cs_client     = @@character_set_client */;
/*!40101 SET character_set_client = utf8 */;
CREATE TABLE `auth_group` (
  `id` int(11) NOT NULL AUTO_INCREMENT,
  `name` varchar(80) NOT NULL,
  PRIMARY KEY (`id`),
  UNIQUE KEY `name` (`name`)
) ENGINE=InnoDB DEFAULT CHARSET=utf8;
/*!40101 SET character_set_client = @saved_cs_client */;

--
-- Dumping data for table `auth_group`
--

LOCK TABLES `auth_group` WRITE;
/*!40000 ALTER TABLE `auth_group` DISABLE KEYS */;
/*!40000 ALTER TABLE `auth_group` ENABLE KEYS */;
UNLOCK TABLES;

--
-- Table structure for table `auth_group_permissions`
--

DROP TABLE IF EXISTS `auth_group_permissions`;
/*!40101 SET @saved_cs_client     = @@character_set_client */;
/*!40101 SET character_set_client = utf8 */;
CREATE TABLE `auth_group_permissions` (
  `id` int(11) NOT NULL AUTO_INCREMENT,
  `group_id` int(11) NOT NULL,
  `permission_id` int(11) NOT NULL,
  PRIMARY KEY (`id`),
  UNIQUE KEY `auth_group_permissions_group_id_permission_id_0cd325b0_uniq` (`group_id`,`permission_id`),
  KEY `auth_group_permissio_permission_id_84c5c92e_fk_auth_perm` (`permission_id`),
  CONSTRAINT `auth_group_permissio_permission_id_84c5c92e_fk_auth_perm` FOREIGN KEY (`permission_id`) REFERENCES `auth_permission` (`id`),
  CONSTRAINT `auth_group_permissions_group_id_b120cbf9_fk_auth_group_id` FOREIGN KEY (`group_id`) REFERENCES `auth_group` (`id`)
) ENGINE=InnoDB DEFAULT CHARSET=utf8;
/*!40101 SET character_set_client = @saved_cs_client */;

--
-- Dumping data for table `auth_group_permissions`
--

LOCK TABLES `auth_group_permissions` WRITE;
/*!40000 ALTER TABLE `auth_group_permissions` DISABLE KEYS */;
/*!40000 ALTER TABLE `auth_group_permissions` ENABLE KEYS */;
UNLOCK TABLES;

--
-- Table structure for table `auth_permission`
--

DROP TABLE IF EXISTS `auth_permission`;
/*!40101 SET @saved_cs_client     = @@character_set_client */;
/*!40101 SET character_set_client = utf8 */;
CREATE TABLE `auth_permission` (
  `id` int(11) NOT NULL AUTO_INCREMENT,
  `name` varchar(255) NOT NULL,
  `content_type_id` int(11) NOT NULL,
  `codename` varchar(100) NOT NULL,
  PRIMARY KEY (`id`),
  UNIQUE KEY `auth_permission_content_type_id_codename_01ab375a_uniq` (`content_type_id`,`codename`),
  CONSTRAINT `auth_permission_content_type_id_2f476e4b_fk_django_co` FOREIGN KEY (`content_type_id`) REFERENCES `django_content_type` (`id`)
) ENGINE=InnoDB AUTO_INCREMENT=64 DEFAULT CHARSET=utf8;
/*!40101 SET character_set_client = @saved_cs_client */;

--
-- Dumping data for table `auth_permission`
--

LOCK TABLES `auth_permission` WRITE;
/*!40000 ALTER TABLE `auth_permission` DISABLE KEYS */;
INSERT INTO `auth_permission` VALUES (1,'Can add log entry',1,'add_logentry'),(2,'Can change log entry',1,'change_logentry'),(3,'Can delete log entry',1,'delete_logentry'),(4,'Can add permission',2,'add_permission'),(5,'Can change permission',2,'change_permission'),(6,'Can delete permission',2,'delete_permission'),(7,'Can add group',3,'add_group'),(8,'Can change group',3,'change_group'),(9,'Can delete group',3,'delete_group'),(10,'Can add content type',4,'add_contenttype'),(11,'Can change content type',4,'change_contenttype'),(12,'Can delete content type',4,'delete_contenttype'),(13,'Can add session',5,'add_session'),(14,'Can change session',5,'change_session'),(15,'Can delete session',5,'delete_session'),(16,'Can add 用户信息',6,'add_userprofile'),(17,'Can change 用户信息',6,'change_userprofile'),(18,'Can delete 用户信息',6,'delete_userprofile'),(19,'Can add 短信验证',7,'add_verifycode'),(20,'Can change 短信验证',7,'change_verifycode'),(21,'Can delete 短信验证',7,'delete_verifycode'),(22,'Can add 首页轮播',8,'add_banner'),(23,'Can change 首页轮播',8,'change_banner'),(24,'Can delete 首页轮播',8,'delete_banner'),(25,'Can add 书籍信息',9,'add_goods'),(26,'Can change 书籍信息',9,'change_goods'),(27,'Can delete 书籍信息',9,'delete_goods'),(28,'Can add 书籍类别',10,'add_goodscategory'),(29,'Can change 书籍类别',10,'change_goodscategory'),(30,'Can delete 书籍类别',10,'delete_goodscategory'),(31,'Can add 商品轮播',11,'add_goodsimage'),(32,'Can change 商品轮播',11,'change_goodsimage'),(33,'Can delete 商品轮播',11,'delete_goodsimage'),(34,'Can add 热搜排行',12,'add_hotsearchwords'),(35,'Can change 热搜排行',12,'change_hotsearchwords'),(36,'Can delete 热搜排行',12,'delete_hotsearchwords'),(37,'Can add 宣传品牌',13,'add_goodscategorybrand'),(38,'Can change 宣传品牌',13,'change_goodscategorybrand'),(39,'Can delete 宣传品牌',13,'delete_goodscategorybrand'),(40,'Can add 首页广告',14,'add_indexad'),(41,'Can change 首页广告',14,'change_indexad'),(42,'Can delete 首页广告',14,'delete_indexad'),(43,'Can add 进货信息',15,'add_goodsstock'),(44,'Can change 进货信息',15,'change_goodsstock'),(45,'Can delete 进货信息',15,'delete_goodsstock'),(46,'Can add 收货地址',16,'add_useraddress'),(47,'Can change 收货地址',16,'change_useraddress'),(48,'Can delete 收货地址',16,'delete_useraddress'),(49,'Can add 用户收藏',17,'add_userfav'),(50,'Can change 用户收藏',17,'change_userfav'),(51,'Can delete 用户收藏',17,'delete_userfav'),(52,'Can add 用户留言',18,'add_userleavingmessage'),(53,'Can change 用户留言',18,'change_userleavingmessage'),(54,'Can delete 用户留言',18,'delete_userleavingmessage'),(55,'Can add 订单商品',19,'add_ordergoods'),(56,'Can change 订单商品',19,'change_ordergoods'),(57,'Can delete 订单商品',19,'delete_ordergoods'),(58,'Can add 订单信息',20,'add_orderinfo'),(59,'Can change 订单信息',20,'change_orderinfo'),(60,'Can delete 订单信息',20,'delete_orderinfo'),(61,'Can add 购物车',21,'add_shoppingcart'),(62,'Can change 购物车',21,'change_shoppingcart'),(63,'Can delete 购物车',21,'delete_shoppingcart');
/*!40000 ALTER TABLE `auth_permission` ENABLE KEYS */;
UNLOCK TABLES;

--
-- Table structure for table `django_admin_log`
--

DROP TABLE IF EXISTS `django_admin_log`;
/*!40101 SET @saved_cs_client     = @@character_set_client */;
/*!40101 SET character_set_client = utf8 */;
CREATE TABLE `django_admin_log` (
  `id` int(11) NOT NULL AUTO_INCREMENT,
  `action_time` datetime(6) NOT NULL,
  `object_id` longtext,
  `object_repr` varchar(200) NOT NULL,
  `action_flag` smallint(5) unsigned NOT NULL,
  `change_message` longtext NOT NULL,
  `content_type_id` int(11) DEFAULT NULL,
  `user_id` int(11) NOT NULL,
  PRIMARY KEY (`id`),
  KEY `django_admin_log_content_type_id_c4bce8eb_fk_django_co` (`content_type_id`),
  KEY `django_admin_log_user_id_c564eba6_fk_users_userprofile_id` (`user_id`),
  CONSTRAINT `django_admin_log_content_type_id_c4bce8eb_fk_django_co` FOREIGN KEY (`content_type_id`) REFERENCES `django_content_type` (`id`),
  CONSTRAINT `django_admin_log_user_id_c564eba6_fk_users_userprofile_id` FOREIGN KEY (`user_id`) REFERENCES `users_userprofile` (`id`)
) ENGINE=InnoDB AUTO_INCREMENT=2 DEFAULT CHARSET=utf8;
/*!40101 SET character_set_client = @saved_cs_client */;

--
-- Dumping data for table `django_admin_log`
--

LOCK TABLES `django_admin_log` WRITE;
/*!40000 ALTER TABLE `django_admin_log` DISABLE KEYS */;
INSERT INTO `django_admin_log` VALUES (1,'2019-05-24 03:44:23.374269','1','书单',1,'[{\"added\": {}}]',13,1);
/*!40000 ALTER TABLE `django_admin_log` ENABLE KEYS */;
UNLOCK TABLES;

--
-- Table structure for table `django_content_type`
--

DROP TABLE IF EXISTS `django_content_type`;
/*!40101 SET @saved_cs_client     = @@character_set_client */;
/*!40101 SET character_set_client = utf8 */;
CREATE TABLE `django_content_type` (
  `id` int(11) NOT NULL AUTO_INCREMENT,
  `app_label` varchar(100) NOT NULL,
  `model` varchar(100) NOT NULL,
  PRIMARY KEY (`id`),
  UNIQUE KEY `django_content_type_app_label_model_76bd3d3b_uniq` (`app_label`,`model`)
) ENGINE=InnoDB AUTO_INCREMENT=22 DEFAULT CHARSET=utf8;
/*!40101 SET character_set_client = @saved_cs_client */;

--
-- Dumping data for table `django_content_type`
--

LOCK TABLES `django_content_type` WRITE;
/*!40000 ALTER TABLE `django_content_type` DISABLE KEYS */;
INSERT INTO `django_content_type` VALUES (1,'admin','logentry'),(3,'auth','group'),(2,'auth','permission'),(4,'contenttypes','contenttype'),(8,'goods','banner'),(9,'goods','goods'),(10,'goods','goodscategory'),(13,'goods','goodscategorybrand'),(11,'goods','goodsimage'),(15,'goods','goodsstock'),(12,'goods','hotsearchwords'),(14,'goods','indexad'),(5,'sessions','session'),(19,'trade','ordergoods'),(20,'trade','orderinfo'),(21,'trade','shoppingcart'),(6,'users','userprofile'),(7,'users','verifycode'),(16,'user_operation','useraddress'),(17,'user_operation','userfav'),(18,'user_operation','userleavingmessage');
/*!40000 ALTER TABLE `django_content_type` ENABLE KEYS */;
UNLOCK TABLES;

--
-- Table structure for table `django_migrations`
--

DROP TABLE IF EXISTS `django_migrations`;
/*!40101 SET @saved_cs_client     = @@character_set_client */;
/*!40101 SET character_set_client = utf8 */;
CREATE TABLE `django_migrations` (
  `id` int(11) NOT NULL AUTO_INCREMENT,
  `app` varchar(255) NOT NULL,
  `name` varchar(255) NOT NULL,
  `applied` datetime(6) NOT NULL,
  PRIMARY KEY (`id`)
) ENGINE=InnoDB AUTO_INCREMENT=33 DEFAULT CHARSET=utf8;
/*!40101 SET character_set_client = @saved_cs_client */;

--
-- Dumping data for table `django_migrations`
--

LOCK TABLES `django_migrations` WRITE;
/*!40000 ALTER TABLE `django_migrations` DISABLE KEYS */;
INSERT INTO `django_migrations` VALUES (1,'contenttypes','0001_initial','2019-05-16 18:14:51.889682'),(2,'contenttypes','0002_remove_content_type_name','2019-05-16 18:14:54.164812'),(3,'auth','0001_initial','2019-05-16 18:15:04.854424'),(4,'auth','0002_alter_permission_name_max_length','2019-05-16 18:15:06.151498'),(5,'auth','0003_alter_user_email_max_length','2019-05-16 18:15:06.496518'),(6,'auth','0004_alter_user_username_opts','2019-05-16 18:15:06.879540'),(7,'auth','0005_alter_user_last_login_null','2019-05-16 18:15:07.430571'),(8,'auth','0006_require_contenttypes_0002','2019-05-16 18:15:07.749589'),(9,'auth','0007_alter_validators_add_error_messages','2019-05-16 18:15:08.141612'),(10,'auth','0008_alter_user_username_max_length','2019-05-16 18:15:08.381626'),(11,'auth','0009_alter_user_last_name_max_length','2019-05-16 18:15:08.638640'),(12,'users','0001_initial','2019-05-16 18:15:22.061408'),(13,'admin','0001_initial','2019-05-16 18:15:25.957631'),(14,'admin','0002_logentry_remove_auto_add','2019-05-16 18:15:26.046636'),(15,'admin','0002_auto_20190428_1627','2019-05-16 18:15:29.817852'),(16,'admin','0003_merge_20190511_2316','2019-05-16 18:15:30.142870'),(17,'goods','0001_initial','2019-05-16 18:15:41.822538'),(18,'goods','0002_auto_20190502_1741','2019-05-16 18:15:47.964890'),(19,'goods','0003_auto_20190508_1701','2019-05-16 18:15:56.389371'),(20,'goods','0004_goodsstock_bid','2019-05-16 18:15:58.298481'),(21,'goods','0005_auto_20190508_1810','2019-05-16 18:16:06.341941'),(22,'goods','0006_auto_20190509_1353','2019-05-16 18:16:19.837713'),(23,'sessions','0001_initial','2019-05-16 18:16:21.333798'),(24,'trade','0001_initial','2019-05-16 18:16:26.289082'),(25,'trade','0002_auto_20190501_0011','2019-05-16 18:16:44.483122'),(26,'trade','0003_auto_20190502_1741','2019-05-16 18:16:44.615130'),(27,'trade','0004_auto_20190509_1507','2019-05-16 18:16:55.699764'),(28,'user_operation','0001_initial','2019-05-16 18:16:58.279911'),(29,'user_operation','0002_auto_20190501_0011','2019-05-16 18:17:11.997696'),(30,'user_operation','0003_auto_20190509_1625','2019-05-16 18:17:14.635847'),(31,'users','0002_auto_20190502_1741','2019-05-16 18:17:15.951922'),(32,'users','0003_userprofile_add_time','2019-05-16 18:17:17.043985');
/*!40000 ALTER TABLE `django_migrations` ENABLE KEYS */;
UNLOCK TABLES;

--
-- Table structure for table `django_session`
--

DROP TABLE IF EXISTS `django_session`;
/*!40101 SET @saved_cs_client     = @@character_set_client */;
/*!40101 SET character_set_client = utf8 */;
CREATE TABLE `django_session` (
  `session_key` varchar(40) NOT NULL,
  `session_data` longtext NOT NULL,
  `expire_date` datetime(6) NOT NULL,
  PRIMARY KEY (`session_key`),
  KEY `django_session_expire_date_a5c62663` (`expire_date`)
) ENGINE=InnoDB DEFAULT CHARSET=utf8;
/*!40101 SET character_set_client = @saved_cs_client */;

--
-- Dumping data for table `django_session`
--

LOCK TABLES `django_session` WRITE;
/*!40000 ALTER TABLE `django_session` DISABLE KEYS */;
INSERT INTO `django_session` VALUES ('lhcd8e4bs9qpmwd72g0tdpo6i0ur8msv','NGU4MTE4NWRhNzFkNzBmYTZiZGM5NjY1YTBmM2FjYjM1OGQ5ZGEwNDp7Il9hdXRoX3VzZXJfaWQiOiIxIiwiX2F1dGhfdXNlcl9iYWNrZW5kIjoidXNlcnMudmlld3MuQ3VzdG9tQmFja2VuZCIsIl9hdXRoX3VzZXJfaGFzaCI6IjBkMDNkZmM1MzA3MmNkOWI0MmVmYzU4YWUxZDlmYzM4Yjk2YzYyZGIiLCJzaW1wbGV1aV8yMDE5MDUyMSI6dHJ1ZSwic2ltcGxldWlfMjAxOTA1MjQiOnRydWV9','2019-06-07 01:44:44.835680');
/*!40000 ALTER TABLE `django_session` ENABLE KEYS */;
UNLOCK TABLES;

--
-- Table structure for table `goods_banner`
--

DROP TABLE IF EXISTS `goods_banner`;
/*!40101 SET @saved_cs_client     = @@character_set_client */;
/*!40101 SET character_set_client = utf8 */;
CREATE TABLE `goods_banner` (
  `id` int(11) NOT NULL AUTO_INCREMENT,
  `image` varchar(100) NOT NULL,
  `index` int(11) NOT NULL,
  `add_time` datetime(6) NOT NULL,
  `goods_id` int(11) NOT NULL,
  PRIMARY KEY (`id`),
  KEY `goods_banner_goods_id_99e23129_fk_goods_goods_id` (`goods_id`),
  CONSTRAINT `goods_banner_goods_id_99e23129_fk_goods_goods_id` FOREIGN KEY (`goods_id`) REFERENCES `goods_goods` (`id`)
) ENGINE=InnoDB AUTO_INCREMENT=4 DEFAULT CHARSET=utf8;
/*!40101 SET character_set_client = @saved_cs_client */;

--
-- Dumping data for table `goods_banner`
--

LOCK TABLES `goods_banner` WRITE;
/*!40000 ALTER TABLE `goods_banner` DISABLE KEYS */;
INSERT INTO `goods_banner` VALUES (1,'banner/ldz.PNG',1,'2019-05-16 18:32:17.306477',13),(2,'banner/wxb.png',2,'2019-05-16 18:32:17.428484',75),(3,'banner/mcnxs.png',3,'2019-05-16 18:32:17.431484',79);
/*!40000 ALTER TABLE `goods_banner` ENABLE KEYS */;
UNLOCK TABLES;

--
-- Table structure for table `goods_goods`
--

DROP TABLE IF EXISTS `goods_goods`;
/*!40101 SET @saved_cs_client     = @@character_set_client */;
/*!40101 SET character_set_client = utf8 */;
CREATE TABLE `goods_goods` (
  `id` int(11) NOT NULL AUTO_INCREMENT,
  `goods_sn` varchar(50) NOT NULL,
  `name` varchar(100) NOT NULL,
  `click_num` int(11) NOT NULL,
  `sold_num` int(11) NOT NULL,
  `fav_num` int(11) NOT NULL,
  `goods_num` int(11) NOT NULL,
  `market_price` decimal(5,2) NOT NULL,
  `shop_price` decimal(5,2) NOT NULL,
  `goods_brief` longtext NOT NULL,
  `goods_desc` longtext NOT NULL,
  `goods_front_image` varchar(100) DEFAULT NULL,
  `is_new` tinyint(1) NOT NULL,
  `is_hot` tinyint(1) NOT NULL,
  `add_time` datetime(6) NOT NULL,
  `category_id` int(11) NOT NULL,
  `bid` decimal(5,2) NOT NULL,
  `author` varchar(100) NOT NULL,
  PRIMARY KEY (`id`),
  KEY `goods_goods_category_id_da3507dd_fk_goods_goodscategory_id` (`category_id`),
  CONSTRAINT `goods_goods_category_id_da3507dd_fk_goods_goodscategory_id` FOREIGN KEY (`category_id`) REFERENCES `goods_goodscategory` (`id`)
) ENGINE=InnoDB AUTO_INCREMENT=90 DEFAULT CHARSET=utf8;
/*!40101 SET character_set_client = @saved_cs_client */;

--
-- Dumping data for table `goods_goods`
--

LOCK TABLES `goods_goods` WRITE;
/*!40000 ALTER TABLE `goods_goods` DISABLE KEYS */;
INSERT INTO `goods_goods` VALUES (1,'9787543464582','我爸爸',17,10,1,882,34.75,27.80,'★清华附小推荐的绘本！★经典绘本 :大卫系列、大脚丫系列、奥莉薇系列、花婆婆、我爸爸我妈妈、我喜欢书、是谁嗯嗯在我头上、让路给小鸭子、不许抠鼻子、海伦凯勒、雪花人、*次自己睡觉、蝴蝶豌豆花、菲菲生气了','\n        <p>\n    <span class=\"t1\" id=\"author\" dd_name=\"作者\" ddt-area=\"002\" style=\"margin: 0px; padding: 0px 25px 0px 0px; display: inline-block; color: rgb(100, 100, 100); font-family: Verdana, Simsun; font-size: 12px; background-color: rgb(255, 255, 255);\">作者:〔英〕<a href=\"http://search.dangdang.com/?key2=%B0%B2%B6%AB%C4%E1%A1%A4%B2%BC%C0%CA&medium=01&category_path=01.00.00.00.00.00\" target=\"_blank\" dd_name=\"作者\" style=\"margin: 0px; padding: 0px; text-decoration-line: none; color: rgb(26, 102, 179);\">安东尼·布朗</a>　著</span><span class=\"t1\" dd_name=\"出版社\" ddt-area=\"003\" style=\"margin: 0px; padding: 0px 25px 0px 0px; display: inline-block; color: rgb(100, 100, 100); font-family: Verdana, Simsun; font-size: 12px; background-color: rgb(255, 255, 255);\">出版社:<a href=\"http://search.dangdang.com/?key3=%BA%D3%B1%B1%BD%CC%D3%FD%B3%F6%B0%E6%C9%E7&medium=01&category_path=01.00.00.00.00.00\" target=\"_blank\" dd_name=\"出版社\" style=\"margin: 0px; padding: 0px; text-decoration-line: none; color: rgb(26, 102, 179);\">河北教育出版社</a></span><span class=\"t1\" style=\"margin: 0px; padding: 0px 25px 0px 0px; display: inline-block; color: rgb(100, 100, 100); font-family: Verdana, Simsun; font-size: 12px; background-color: rgb(255, 255, 255);\">出版时间:2014年08月</span>\n</p>\n        <ul class=\"key clearfix list-paddingleft-2\" style=\"list-style-type: none;\">\n    <li>\n        <p>\n            开 本：8开\n        </p>\n    </li>\n    <li>\n        <p>\n            纸 张：铜版纸\n        </p>\n    </li>\n    <li>\n        <p>\n            包 装：精装\n        </p>\n    </li>\n    <li>\n        <p>\n            是否套装：否\n        </p>\n    </li>\n    <li>\n        <p>\n            国际标准书号ISBN：9787543464582\n        </p>\n    </li>\n    <li>\n        <p>\n            丛书名：启发精选国际大师名作绘本\n        </p>\n    </li>\n</ul>\n<p>\n    <br/>\n</p>','goods/images/23485740-1_w_11.jpg',1,0,'2019-05-16 18:32:00.109493',3,21.06,'安东尼·布朗（英）'),(2,'9787501609741','红鞋子童话拼音版',0,9,0,741,14.62,11.70,'（注音版童书，小学老师审核，为小学生量身打造/入选清华大学附属小学校长阅读书目/中国好书得主湖南师大教授笨狼妈妈代表性作品/已有超过30000名读者给予好评','\n        <p>\n    <span class=\"t1\" id=\"author\" dd_name=\"作者\" ddt-area=\"002\" style=\"margin: 0px; padding: 0px 25px 0px 0px; display: inline-block; color: rgb(100, 100, 100); font-family: Verdana, Simsun; font-size: 12px; background-color: rgb(255, 255, 255);\">作者:<a href=\"http://search.dangdang.com/?key2=%CC%C0%CB%D8%C0%BC&medium=01&category_path=01.00.00.00.00.00\" target=\"_blank\" dd_name=\"作者\" style=\"margin: 0px; padding: 0px; text-decoration-line: none; color: rgb(26, 102, 179);\">汤素兰</a>　著</span><span class=\"t1\" dd_name=\"出版社\" ddt-area=\"003\" style=\"margin: 0px; padding: 0px 25px 0px 0px; display: inline-block; color: rgb(100, 100, 100); font-family: Verdana, Simsun; font-size: 12px; background-color: rgb(255, 255, 255);\">出版社:<a href=\"http://search.dangdang.com/?key3=%CC%EC%CC%EC%B3%F6%B0%E6%C9%E7%D3%D0%CF%DE%D4%F0%C8%CE%B9%AB%CB%BE&medium=01&category_path=01.00.00.00.00.00\" target=\"_blank\" dd_name=\"出版社\" style=\"margin: 0px; padding: 0px; text-decoration-line: none; color: rgb(26, 102, 179);\">天天出版社有限责任公司</a></span><span class=\"t1\" style=\"margin: 0px; padding: 0px 25px 0px 0px; display: inline-block; color: rgb(100, 100, 100); font-family: Verdana, Simsun; font-size: 12px; background-color: rgb(255, 255, 255);\">出版时间:2015年09月</span>\n</p>\n        <ul class=\"key clearfix list-paddingleft-2\" style=\"list-style-type: none;\">\n    <li>\n        <p>\n            开 本：32开\n        </p>\n    </li>\n    <li>\n        <p>\n            纸 张：胶版纸\n        </p>\n    </li>\n    <li>\n        <p>\n            包 装：平装-胶订\n        </p>\n    </li>\n    <li>\n        <p>\n            是否套装：否\n        </p>\n    </li>\n    <li>\n        <p>\n            国际标准书号ISBN：9787501609741\n        </p>\n    </li>\n</ul>\n<p>\n    <br/>\n</p>','goods/images/23776739-1_u_2.jpg',0,0,'2019-05-16 18:32:00.301504',3,8.92,'汤素兰'),(3,'9787556071821','绘本花园：我的爸爸叫焦尼(精)',0,14,0,836,28.12,22.50,'荣获“三十年中国极具影响力的300本书”童书奖，林格伦儿童文学大奖作家、国际安徒生大奖提名画家联袂创作，关于父子亲情、成长、离别与团聚的生命励志杰作。（海豚传媒出品)','\n        <p>\n    <span class=\"t1\" id=\"author\" dd_name=\"作者\" ddt-area=\"002\" style=\"margin: 0px; padding: 0px 25px 0px 0px; display: inline-block; color: rgb(100, 100, 100); font-family: Verdana, Simsun; font-size: 12px; background-color: rgb(255, 255, 255);\">作者:<a href=\"http://search.dangdang.com/?key2=%B2%A8%A1%A4R%A1%A4%BA%BA%B2%AE%B8%F1&medium=01&category_path=01.00.00.00.00.00\" target=\"_blank\" dd_name=\"作者\" style=\"margin: 0px; padding: 0px; text-decoration-line: none; color: rgb(26, 102, 179);\">波·R·汉伯格</a></span><span class=\"t1\" dd_name=\"出版社\" ddt-area=\"003\" style=\"margin: 0px; padding: 0px 25px 0px 0px; display: inline-block; color: rgb(100, 100, 100); font-family: Verdana, Simsun; font-size: 12px; background-color: rgb(255, 255, 255);\">出版社:<a href=\"http://search.dangdang.com/?key3=%B3%A4%BD%AD%C9%D9%C4%EA%B6%F9%CD%AF%B3%F6%B0%E6%C9%E7&medium=01&category_path=01.00.00.00.00.00\" target=\"_blank\" dd_name=\"出版社\" style=\"margin: 0px; padding: 0px; text-decoration-line: none; color: rgb(26, 102, 179);\">长江少年儿童出版社</a></span><span class=\"t1\" style=\"margin: 0px; padding: 0px 25px 0px 0px; display: inline-block; color: rgb(100, 100, 100); font-family: Verdana, Simsun; font-size: 12px; background-color: rgb(255, 255, 255);\">出版时间:2018年03月</span>\n</p>\n        <ul class=\"key clearfix list-paddingleft-2\" style=\"list-style-type: none;\">\n    <li>\n        <p>\n            开 本：16开\n        </p>\n    </li>\n    <li>\n        <p>\n            纸 张：胶版纸\n        </p>\n    </li>\n    <li>\n        <p>\n            包 装：精装\n        </p>\n    </li>\n    <li>\n        <p>\n            是否套装：否\n        </p>\n    </li>\n    <li>\n        <p>\n            国际标准书号ISBN：9787556071821\n        </p>\n    </li>\n</ul>\n<p>\n    <br/>\n</p>','goods/images/25229916-1_w_2.jpg',0,0,'2019-05-16 18:32:00.610522',3,17.01,'波·R·汉伯格'),(4,'20923655','劳拉的星星（全7册）',0,14,0,886,34.75,27.80,'德国著名儿童文学作家鲍姆加特经典之作，温暖孩子的心灵','\n        <p>\n    <span class=\"t1\" id=\"author\" dd_name=\"作者\" ddt-area=\"002\" style=\"margin: 0px; padding: 0px 25px 0px 0px; display: inline-block; color: rgb(100, 100, 100); font-family: Verdana, Simsun; font-size: 12px; background-color: rgb(255, 255, 255);\">作者:（德）<a href=\"http://search.dangdang.com/?key2=%B1%AB%C4%B7%BC%D3%CC%D8&medium=01&category_path=01.00.00.00.00.00\" target=\"_blank\" dd_name=\"作者\" style=\"margin: 0px; padding: 0px; text-decoration-line: none; color: rgb(26, 102, 179);\">鲍姆加特</a>，（德）<a href=\"http://search.dangdang.com/?key2=%C5%B5%D2%C1%B4%F7%B6%FB%CC%D8&medium=01&category_path=01.00.00.00.00.00\" target=\"_blank\" dd_name=\"作者\" style=\"margin: 0px; padding: 0px; text-decoration-line: none; color: rgb(26, 102, 179);\">诺伊戴尔特</a>&nbsp;著，<a href=\"http://search.dangdang.com/?key2=%D0%ED%E6%C3&medium=01&category_path=01.00.00.00.00.00\" target=\"_blank\" dd_name=\"作者\" style=\"margin: 0px; padding: 0px; text-decoration-line: none; color: rgb(26, 102, 179);\">许婷</a>&nbsp;译</span><span class=\"t1\" dd_name=\"出版社\" ddt-area=\"003\" style=\"margin: 0px; padding: 0px 25px 0px 0px; display: inline-block; color: rgb(100, 100, 100); font-family: Verdana, Simsun; font-size: 12px; background-color: rgb(255, 255, 255);\">出版社:<a href=\"http://search.dangdang.com/?key3=%D6%D0%B9%FA%C9%D9%C4%EA%B6%F9%CD%AF%B3%F6%B0%E6%C9%E7&medium=01&category_path=01.00.00.00.00.00\" target=\"_blank\" dd_name=\"出版社\" style=\"margin: 0px; padding: 0px; text-decoration-line: none; color: rgb(26, 102, 179);\">中国少年儿童出版社</a></span><span class=\"t1\" style=\"margin: 0px; padding: 0px 25px 0px 0px; display: inline-block; color: rgb(100, 100, 100); font-family: Verdana, Simsun; font-size: 12px; background-color: rgb(255, 255, 255);\">出版时间:2010年07月</span>\n</p>\n        <ul class=\"key clearfix list-paddingleft-2\" style=\"list-style-type: none;\">\n    <li>\n        <p>\n            开 本：大32开\n        </p>\n    </li>\n    <li>\n        <p>\n            纸 张：胶版纸\n        </p>\n    </li>\n    <li>\n        <p>\n            包 装：平装-胶订\n        </p>\n    </li>\n    <li>\n        <p>\n            是否套装：否\n        </p>\n    </li>\n    <li>\n        <p>\n            国际标准书号ISBN：20923655\n        </p>\n    </li>\n    <li>\n        <p>\n            丛书名：劳拉的星星\n        </p>\n    </li>\n</ul>\n<p>\n    <br/>\n</p>','goods/images/20923655-1_w_9.jpg',0,0,'2019-05-16 18:32:01.165553',4,21.06,'（德）鲍姆加特 ，许婷 译'),(5,'9787221105714','字的童话（全7册）',0,8,0,642,61.25,49.00,'（新老版本交替发货）吸引孩子对认字产生兴趣的桥梁书。幽默的童话、一线老师设计的游戏，让孩子轻松跨过阅读门槛，喜欢上认字、造句、作文。附赠亲子活动手册。（蒲公英童书馆出品）','\n        <p>\n    <span class=\"t1\" id=\"author\" dd_name=\"作者\" ddt-area=\"002\" style=\"margin: 0px; padding: 0px 25px 0px 0px; display: inline-block; color: rgb(100, 100, 100); font-family: Verdana, Simsun; font-size: 12px; background-color: rgb(255, 255, 255);\">作者:<a href=\"http://search.dangdang.com/?key2=%C1%D6%CA%C0%C8%CA&medium=01&category_path=01.00.00.00.00.00\" target=\"_blank\" dd_name=\"作者\" style=\"margin: 0px; padding: 0px; text-decoration-line: none; color: rgb(26, 102, 179);\">林世仁</a>　编文，<a href=\"http://search.dangdang.com/?key2=%D5%C2%D8%B9%D9%BB&medium=01&category_path=01.00.00.00.00.00\" target=\"_blank\" dd_name=\"作者\" style=\"margin: 0px; padding: 0px; text-decoration-line: none; color: rgb(26, 102, 179);\">章毓倩</a>　绘</span><span class=\"t1\" dd_name=\"出版社\" ddt-area=\"003\" style=\"margin: 0px; padding: 0px 25px 0px 0px; display: inline-block; color: rgb(100, 100, 100); font-family: Verdana, Simsun; font-size: 12px; background-color: rgb(255, 255, 255);\">出版社:<a href=\"http://search.dangdang.com/?key3=%B9%F3%D6%DD%C8%CB%C3%F1%B3%F6%B0%E6%C9%E7&medium=01&category_path=01.00.00.00.00.00\" target=\"_blank\" dd_name=\"出版社\" style=\"margin: 0px; padding: 0px; text-decoration-line: none; color: rgb(26, 102, 179);\">贵州人民出版社</a></span><span class=\"t1\" style=\"margin: 0px; padding: 0px 25px 0px 0px; display: inline-block; color: rgb(100, 100, 100); font-family: Verdana, Simsun; font-size: 12px; background-color: rgb(255, 255, 255);\">出版时间:2013年04月&nbsp;</span>\n</p>\n<ul class=\"key clearfix list-paddingleft-2\" style=\"list-style-type: none;\">\n    <li>\n        <p>\n            开 本：32开\n        </p>\n    </li>\n    <li>\n        <p>\n            纸 张：胶版纸\n        </p>\n    </li>\n    <li>\n        <p>\n            包 装：平装-胶订\n        </p>\n    </li>\n    <li>\n        <p>\n            是否套装：否\n        </p>\n    </li>\n    <li>\n        <p>\n            国际标准书号ISBN：9787221105714\n        </p>\n    </li>\n    <li>\n        <p>\n            丛书名：《字的形音义》《字的化学变化》《字的\n        </p>\n    </li>\n</ul>\n<p>\n    <br/>\n</p>\n','goods/images/23198676-2_u_5.jpg',0,0,'2019-05-16 18:32:01.364565',4,37.40,'林世仁'),(6,'23318861','中国优秀图画书典藏（精装纪念版）（全11册）',0,5,0,695,164.88,131.90,'集结《猪八戒吃西瓜》、《小马过河》、《拔萝卜》等老图画书，寻找属于中国图画书自己的根 / 经典的故事一再讲起，走过原创图画书60年(蒲公英童书馆出品)','\n        <ul class=\"key clearfix list-paddingleft-2\" style=\"list-style-type: none;\">\n    <li>\n        <p>\n            <span class=\"t1\" id=\"author\" dd_name=\"作者\" ddt-area=\"002\" style=\"margin: 0px; padding: 0px 25px 0px 0px; display: inline-block; color: rgb(100, 100, 100); font-family: Verdana, Simsun; font-size: 12px; background-color: rgb(255, 255, 255);\">作者:<a href=\"http://search.dangdang.com/?key2=%D5%B2%CD%AC&medium=01&category_path=01.00.00.00.00.00\" target=\"_blank\" dd_name=\"作者\" style=\"margin: 0px; padding: 0px; text-decoration-line: none; color: rgb(26, 102, 179);\">詹同</a>，<a href=\"http://search.dangdang.com/?key2=%B3%C2%D3%C0%D5%F2&medium=01&category_path=01.00.00.00.00.00\" target=\"_blank\" dd_name=\"作者\" style=\"margin: 0px; padding: 0px; text-decoration-line: none; color: rgb(26, 102, 179);\">陈永镇</a>，<a href=\"http://search.dangdang.com/?key2=%D5%C5%CA%C0%C3%F7&medium=01&category_path=01.00.00.00.00.00\" target=\"_blank\" dd_name=\"作者\" style=\"margin: 0px; padding: 0px; text-decoration-line: none; color: rgb(26, 102, 179);\">张世明</a>，<a href=\"http://search.dangdang.com/?key2=%D1%EE%D3%C0%C7%E0&medium=01&category_path=01.00.00.00.00.00\" target=\"_blank\" dd_name=\"作者\" style=\"margin: 0px; padding: 0px; text-decoration-line: none; color: rgb(26, 102, 179);\">杨永青</a>，<a href=\"http://search.dangdang.com/?key2=%BA%CE%D1%DE%C8%D9&medium=01&category_path=01.00.00.00.00.00\" target=\"_blank\" dd_name=\"作者\" style=\"margin: 0px; padding: 0px; text-decoration-line: none; color: rgb(26, 102, 179);\">何艳荣</a>，<a href=\"http://search.dangdang.com/?key2=%B3%C2%D9%E3%C8%E7&medium=01&category_path=01.00.00.00.00.00\" target=\"_blank\" dd_name=\"作者\" style=\"margin: 0px; padding: 0px; text-decoration-line: none; color: rgb(26, 102, 179);\">陈巽如</a>，<a href=\"http://search.dangdang.com/?key2=%BD%AA%B3%C9%B0%B2&medium=01&category_path=01.00.00.00.00.00\" target=\"_blank\" dd_name=\"作者\" style=\"margin: 0px; padding: 0px; text-decoration-line: none; color: rgb(26, 102, 179);\">姜成安</a>，<a href=\"http://search.dangdang.com/?key2=%D3%E1%C0%ED&medium=01&category_path=01.00.00.00.00.00\" target=\"_blank\" dd_name=\"作者\" style=\"margin: 0px; padding: 0px; text-decoration-line: none; color: rgb(26, 102, 179);\">俞理</a>，<a href=\"http://search.dangdang.com/?key2=%C0%F8%B9%FA%D2%C7&medium=01&category_path=01.00.00.00.00.00\" target=\"_blank\" dd_name=\"作者\" style=\"margin: 0px; padding: 0px; text-decoration-line: none; color: rgb(26, 102, 179);\">励国仪</a></span><span class=\"t1\" dd_name=\"出版社\" ddt-area=\"003\" style=\"margin: 0px; padding: 0px 25px 0px 0px; display: inline-block; color: rgb(100, 100, 100); font-family: Verdana, Simsun; font-size: 12px; background-color: rgb(255, 255, 255);\">出版社:<a href=\"http://search.dangdang.com/?key3=%B9%F3%D6%DD%C8%CB%C3%F1%B3%F6%B0%E6%C9%E7&medium=01&category_path=01.00.00.00.00.00\" target=\"_blank\" dd_name=\"出版社\" style=\"margin: 0px; padding: 0px; text-decoration-line: none; color: rgb(26, 102, 179);\">贵州人民出版社</a></span><span class=\"t1\" style=\"margin: 0px; padding: 0px 25px 0px 0px; display: inline-block; color: rgb(100, 100, 100); font-family: Verdana, Simsun; font-size: 12px; background-color: rgb(255, 255, 255);\">出版时间:2013年09月</span><br/>\n        </p>\n    </li>\n    <li>\n        <p>\n            开 本：16开\n        </p>\n    </li>\n    <li>\n        <p>\n            纸 张：铜版纸\n        </p>\n    </li>\n    <li>\n        <p>\n            包 装：精装\n        </p>\n    </li>\n    <li>\n        <p>\n            是否套装：否\n        </p>\n    </li>\n    <li>\n        <p>\n            国际标准书号ISBN：23318861\n        </p>\n    </li>\n    <li>\n        <p>\n            丛书名：《1到0》《 拔萝卜》《 动物园》\n        </p>\n    </li>\n</ul>\n<p>\n    <br/>\n</p>','goods/images/23318861-1_u_6.jpg',0,0,'2019-05-16 18:32:01.540575',4,100.69,'詹同，陈永镇，张世明，杨永青，何艳荣，陈巽如，姜成安，俞理，励国仪'),(7,'9787221125552','亲亲小桃子（全16册）',0,11,0,989,200.00,160.00,'适合0-3岁的亲子互动书。简洁有趣的语言和温馨的画面，引导宝宝感受亲情和友情，在探索中增长勇气和智慧。 专色印刷，绿印，磨圆角，给宝宝安全舒适的阅读体验。（蒲公英童书馆出品）','\n        <p>\n    <span class=\"t1\" id=\"author\" dd_name=\"作者\" ddt-area=\"002\" style=\"margin: 0px; padding: 0px 25px 0px 0px; display: inline-block; color: rgb(100, 100, 100); font-family: Verdana, Simsun; font-size: 12px; background-color: rgb(255, 255, 255);\">作者:[日]<a href=\"http://search.dangdang.com/?key2=%B7%E1%CC%EF%D2%BB%D1%E5&medium=01&category_path=01.00.00.00.00.00\" target=\"_blank\" dd_name=\"作者\" style=\"margin: 0px; padding: 0px; text-decoration-line: none; color: rgb(26, 102, 179);\">丰田一彦</a>&nbsp;文图、<a href=\"http://search.dangdang.com/?key2=%D6%DC%C1%FA%C3%B7&medium=01&category_path=01.00.00.00.00.00\" target=\"_blank\" dd_name=\"作者\" style=\"margin: 0px; padding: 0px; text-decoration-line: none; color: rgb(26, 102, 179);\">周龙梅</a>译</span><span class=\"t1\" dd_name=\"出版社\" ddt-area=\"003\" style=\"margin: 0px; padding: 0px 25px 0px 0px; display: inline-block; color: rgb(100, 100, 100); font-family: Verdana, Simsun; font-size: 12px; background-color: rgb(255, 255, 255);\">出版社:<a href=\"http://search.dangdang.com/?key3=%B9%F3%D6%DD%C8%CB%C3%F1%B3%F6%B0%E6%C9%E7&medium=01&category_path=01.00.00.00.00.00\" target=\"_blank\" dd_name=\"出版社\" style=\"margin: 0px; padding: 0px; text-decoration-line: none; color: rgb(26, 102, 179);\">贵州人民出版社</a></span><span class=\"t1\" style=\"margin: 0px; padding: 0px 25px 0px 0px; display: inline-block; color: rgb(100, 100, 100); font-family: Verdana, Simsun; font-size: 12px; background-color: rgb(255, 255, 255);\">出版时间:2018年09月</span>\n</p>\n<p>\n    <span class=\"t1\" style=\"margin: 0px; padding: 0px 25px 0px 0px; display: inline-block; color: rgb(100, 100, 100); font-family: Verdana, Simsun; font-size: 12px; background-color: rgb(255, 255, 255);\"></span>\n</p>\n<ul class=\"key clearfix list-paddingleft-2\" style=\"list-style-type: none;\">\n    <li>\n        <p>\n            开 本：24开\n        </p>\n    </li>\n    <li>\n        <p>\n            纸 张：铜版纸\n        </p>\n    </li>\n    <li>\n        <p>\n            包 装：软精装\n        </p>\n    </li>\n    <li>\n        <p>\n            是否套装：是\n        </p>\n    </li>\n    <li>\n        <p>\n            国际标准书号ISBN：9787221125552\n        </p>\n    </li>\n</ul>\n<p>\n    <span class=\"t1\" style=\"margin: 0px; padding: 0px 25px 0px 0px; display: inline-block; color: rgb(100, 100, 100); font-family: Verdana, Simsun; font-size: 12px; background-color: rgb(255, 255, 255);\"></span><br/>\n</p>','goods/images/25325228-1_u_7.jpg',0,0,'2019-05-16 18:32:01.653581',5,120.69,'丰田一彦'),(8,'9787221141842','你是我的宝贝（全7册）',0,32,0,868,166.25,133.00,'绘本0 3岁，献给宝宝的亲子互动翻翻书。大书加小书的独特设计，鼓励宝宝和大人一起翻阅，认知动物、形状和颜色，享受亲子共读的温馨乐趣。（蒲公英童书馆出品）','<p>\n    <span class=\"t1\" id=\"author\" dd_name=\"作者\" ddt-area=\"002\" style=\"margin: 0px; padding: 0px 25px 0px 0px; display: inline-block; color: rgb(100, 100, 100); font-family: Verdana, Simsun; font-size: 12px; background-color: rgb(255, 255, 255);\"></span><span class=\"t1\" id=\"author\" dd_name=\"作者\" ddt-area=\"002\" style=\"margin: 0px; padding: 0px 25px 0px 0px; display: inline-block; color: rgb(100, 100, 100); font-family: Verdana, Simsun; font-size: 12px; background-color: rgb(255, 255, 255);\">作者:【美】<a href=\"http://search.dangdang.com/?key2=%C2%E5%C0%D9%C4%C8%A1%A4%CE%F7%C3%D7%C5%B5%CE%AC%BF%CB&medium=01&category_path=01.00.00.00.00.00\" target=\"_blank\" dd_name=\"作者\" style=\"margin: 0px; padding: 0px; text-decoration-line: none; color: rgb(26, 102, 179);\">洛蕾娜·西米诺维克</a>&nbsp;文/图&nbsp;<a href=\"http://search.dangdang.com/?key2=%BE%B2%B2%A9&medium=01&category_path=01.00.00.00.00.00\" target=\"_blank\" dd_name=\"作者\" style=\"margin: 0px; padding: 0px; text-decoration-line: none; color: rgb(26, 102, 179);\">静博</a>&nbsp;译</span><span class=\"t1\" dd_name=\"出版社\" ddt-area=\"003\" style=\"margin: 0px; padding: 0px 25px 0px 0px; display: inline-block; color: rgb(100, 100, 100); font-family: Verdana, Simsun; font-size: 12px; background-color: rgb(255, 255, 255);\">出版社:<a href=\"http://search.dangdang.com/?key3=%B9%F3%D6%DD%C8%CB%C3%F1%B3%F6%B0%E6%C9%E7&medium=01&category_path=01.00.00.00.00.00\" target=\"_blank\" dd_name=\"出版社\" style=\"margin: 0px; padding: 0px; text-decoration-line: none; color: rgb(26, 102, 179);\">贵州人民出版社</a></span><span class=\"t1\" style=\"margin: 0px; padding: 0px 25px 0px 0px; display: inline-block; color: rgb(100, 100, 100); font-family: Verdana, Simsun; font-size: 12px; background-color: rgb(255, 255, 255);\">出版时间:2018年04月</span><span class=\"t1\" style=\"margin: 0px; padding: 0px 25px 0px 0px; display: inline-block; color: rgb(100, 100, 100); font-family: Verdana, Simsun; font-size: 12px; background-color: rgb(255, 255, 255);\"></span>\n</p>\n<p>\n    <span class=\"t1\" style=\"margin: 0px; padding: 0px 25px 0px 0px; display: inline-block; color: rgb(100, 100, 100); font-family: Verdana, Simsun; font-size: 12px; background-color: rgb(255, 255, 255);\"></span>\n</p>\n<ul class=\"key clearfix list-paddingleft-2\" style=\"list-style-type: none;\">\n    <li>\n        <p>\n            开 本：24开\n        </p>\n    </li>\n    <li>\n        <p>\n            纸 张：胶版纸\n        </p>\n    </li>\n    <li>\n        <p>\n            包 装：精装\n        </p>\n    </li>\n    <li>\n        <p>\n            是否套装：是\n        </p>\n    </li>\n    <li>\n        <p>\n            国际标准书号ISBN：9787221141842\n        </p>\n    </li>\n</ul>\n<p>\n    <br/>\n</p>','goods/images/25260395-1_u_8.jpg',0,0,'2019-05-16 18:32:01.739586',5,100.40,'洛蕾娜·西米诺维克'),(9,'9787221140340','幼幼好习惯（全4册）',0,11,0,589,86.25,69.00,'刷牙，吃饭，洗澡，睡觉，这些事宝宝都能自己做了吗？一套画风可爱的纸板书，引导孩子养成健康生活好习惯；帮孩子建立同理心，学会关照身边的小伙伴。适读年龄：0-3岁。蒲公英童书馆出品','\n        <p>\n    <span class=\"t1\" id=\"author\" dd_name=\"作者\" ddt-area=\"002\" style=\"margin: 0px; padding: 0px 25px 0px 0px; display: inline-block; color: rgb(100, 100, 100); font-family: Verdana, Simsun; font-size: 12px; background-color: rgb(255, 255, 255);\">作者:<a href=\"http://search.dangdang.com/?key2=%C7%C7%BC%AA%B2%AE%BB%F9%CC%D8&medium=01&category_path=01.00.00.00.00.00\" target=\"_blank\" dd_name=\"作者\" style=\"margin: 0px; padding: 0px; text-decoration-line: none; color: rgb(26, 102, 179);\">乔吉伯基特</a>&nbsp;译</span><span class=\"t1\" dd_name=\"出版社\" ddt-area=\"003\" style=\"margin: 0px; padding: 0px 25px 0px 0px; display: inline-block; color: rgb(100, 100, 100); font-family: Verdana, Simsun; font-size: 12px; background-color: rgb(255, 255, 255);\">出版社:<a href=\"http://search.dangdang.com/?key3=%B9%F3%D6%DD%C8%CB%C3%F1%B3%F6%B0%E6%C9%E7&medium=01&category_path=01.00.00.00.00.00\" target=\"_blank\" dd_name=\"出版社\" style=\"margin: 0px; padding: 0px; text-decoration-line: none; color: rgb(26, 102, 179);\">贵州人民出版社</a></span><span class=\"t1\" style=\"margin: 0px; padding: 0px 25px 0px 0px; display: inline-block; color: rgb(100, 100, 100); font-family: Verdana, Simsun; font-size: 12px; background-color: rgb(255, 255, 255);\">出版时间:2017年07月&nbsp;</span>\n</p>\n<ul class=\"key clearfix list-paddingleft-2\" style=\"list-style-type: none;\">\n    <li>\n        <p>\n            开 本：16开\n        </p>\n    </li>\n    <li>\n        <p>\n            纸 张：铜版纸\n        </p>\n    </li>\n    <li>\n        <p>\n            包 装：平装-胶订\n        </p>\n    </li>\n    <li>\n        <p>\n            是否套装：是\n        </p>\n    </li>\n    <li>\n        <p>\n            国际标准书号ISBN：9787221140340\n        </p>\n    </li>\n</ul>\n<p>\n    <br/>\n</p>','goods/images/25219212-2_u_5.jpg',0,0,'2019-05-16 18:32:01.905596',5,52.75,'乔吉伯基特'),(10,'9787544266109',' 小房子',0,4,0,446,28.38,22.70,'（凯迪克金奖杰作，让孩子领略生命与自然之美，潘石屹诚挚推荐）—爱心树童书出品','\n                    <p>\n                <span class=\"t1\" id=\"author\" dd_name=\"作者\" ddt-area=\"002\" style=\"margin: 0px; padding: 0px 25px 0px 0px; display: inline-block; color: rgb(100, 100, 100); font-family: Verdana, Simsun; font-size: 12px; background-color: rgb(255, 255, 255);\">作者:（美）<a href=\"http://search.dangdang.com/?key2=%CE%AC%BC%AA%C4%E1%D1%C7%A1%A4%C0%EE%A1%A4%B2%AE%B6%D9&medium=01&category_path=01.00.00.00.00.00\" target=\"_blank\" dd_name=\"作者\" style=\"margin: 0px; padding: 0px; text-decoration-line: none; color: rgb(26, 102, 179);\">维吉尼亚·李·伯顿</a>&nbsp;著 ，<a href=\"http://search.dangdang.com/?key2=%B0%A2%BC%D7&medium=01&category_path=01.00.00.00.00.00\" target=\"_blank\" dd_name=\"作者\" style=\"margin: 0px; padding: 0px; text-decoration-line: none; color: rgb(26, 102, 179);\">阿甲</a>&nbsp;译，&nbsp;<a href=\"http://search.dangdang.com/?key2=%B0%AE%D0%C4%CA%F7%CD%AF%CA%E9&medium=01&category_path=01.00.00.00.00.00\" target=\"_blank\" dd_name=\"作者\" style=\"margin: 0px; padding: 0px; text-decoration-line: none; color: rgb(26, 102, 179);\">爱心树童书</a>&nbsp;出品</span><span class=\"t1\" dd_name=\"出版社\" ddt-area=\"003\" style=\"margin: 0px; padding: 0px 25px 0px 0px; display: inline-block; color: rgb(100, 100, 100); font-family: Verdana, Simsun; font-size: 12px; background-color: rgb(255, 255, 255);\">出版社:<a href=\"http://search.dangdang.com/?key3=%C4%CF%BA%A3%B3%F6%B0%E6%B9%AB%CB%BE&medium=01&category_path=01.00.00.00.00.00\" target=\"_blank\" dd_name=\"出版社\" style=\"margin: 0px; padding: 0px; text-decoration-line: none; color: rgb(26, 102, 179);\">南海出版公司</a></span><span class=\"t1\" style=\"margin: 0px; padding: 0px 25px 0px 0px; display: inline-block; color: rgb(100, 100, 100); font-family: Verdana, Simsun; font-size: 12px; background-color: rgb(255, 255, 255);\">出版时间:2013年07月</span>\n            </p>\n            <ul class=\"key clearfix list-paddingleft-2\" style=\"list-style-type: none;\">\n                <li>\n                    <p>\n                        开 本：12开\n                    </p>\n                </li>\n                <li>\n                    <p>\n                        纸 张：胶版纸\n                    </p>\n                </li>\n                <li>\n                    <p>\n                        包 装：精装\n                    </p>\n                </li>\n                <li>\n                    <p>\n                        是否套装：否\n                    </p>\n                </li>\n                <li>\n                    <p>\n                        国际标准书号ISBN：9787544266109\n                    </p>\n                </li>\n            </ul>\n            <p>\n                <br/>\n            </p>','goods/images/23275009-1_u_1.jpg',0,0,'2019-05-16 18:32:02.110608',6,17.53,'维吉尼亚·李·伯顿'),(11,'9787539147635','树真好',0,2,0,748,26.38,21.10,'1957年凯迪克金奖！重温生活中有关树的一切美好记忆。蒲蒲兰绘本馆','\n                    <p>\n                <span class=\"t1\" id=\"author\" dd_name=\"作者\" ddt-area=\"002\" style=\"margin: 0px; padding: 0px 25px 0px 0px; display: inline-block; color: rgb(100, 100, 100); font-family: Verdana, Simsun; font-size: 12px; background-color: rgb(255, 255, 255);\">作者:<a href=\"http://search.dangdang.com/?key2=%BC%D6%C4%E1%CB%BC%A1%A4%C3%B7&medium=01&category_path=01.00.00.00.00.00\" target=\"_blank\" dd_name=\"作者\" style=\"margin: 0px; padding: 0px; text-decoration-line: none; color: rgb(26, 102, 179);\">贾尼思·梅</a>　等文，<a href=\"http://search.dangdang.com/?key2=%C2%ED%BF%C9%A1%A4%C8%FB%C3%C9&medium=01&category_path=01.00.00.00.00.00\" target=\"_blank\" dd_name=\"作者\" style=\"margin: 0px; padding: 0px; text-decoration-line: none; color: rgb(26, 102, 179);\">马可·塞蒙</a>　图，<a href=\"http://search.dangdang.com/?key2=%CA%E6%BA%BC%C0%F6&medium=01&category_path=01.00.00.00.00.00\" target=\"_blank\" dd_name=\"作者\" style=\"margin: 0px; padding: 0px; text-decoration-line: none; color: rgb(26, 102, 179);\">舒杭丽</a>　译</span><span class=\"t1\" dd_name=\"出版社\" ddt-area=\"003\" style=\"margin: 0px; padding: 0px 25px 0px 0px; display: inline-block; color: rgb(100, 100, 100); font-family: Verdana, Simsun; font-size: 12px; background-color: rgb(255, 255, 255);\">出版社:<a href=\"http://search.dangdang.com/?key3=%A3%B2%A3%B1%CA%C0%BC%CD%B3%F6%B0%E6%C9%E7&medium=01&category_path=01.00.00.00.00.00\" target=\"_blank\" dd_name=\"出版社\" style=\"margin: 0px; padding: 0px; text-decoration-line: none; color: rgb(26, 102, 179);\">２１世纪出版社</a></span><span class=\"t1\" style=\"margin: 0px; padding: 0px 25px 0px 0px; display: inline-block; color: rgb(100, 100, 100); font-family: Verdana, Simsun; font-size: 12px; background-color: rgb(255, 255, 255);\">出版时间:2009年04月&nbsp;</span>\n            </p>\n            <ul class=\"key clearfix list-paddingleft-2\" style=\"list-style-type: none;\">\n                <li>\n                    <p>\n                        开 本：16开\n                    </p>\n                </li>\n                <li>\n                    <p>\n                        纸 张：胶版纸\n                    </p>\n                </li>\n                <li>\n                    <p>\n                        包 装：精装\n                    </p>\n                </li>\n                <li>\n                    <p>\n                        是否套装：否\n                    </p>\n                </li>\n                <li>\n                    <p>\n                        国际标准书号ISBN：9787539147635\n                    </p>\n                </li>\n            </ul>\n            <p dir=\"ltr\">\n                <span class=\"t1\" style=\"margin: 0px; padding: 0px 25px 0px 0px; display: inline-block; color: rgb(100, 100, 100); font-family: Verdana, Simsun; font-size: 12px; background-color: rgb(255, 255, 255);\"></span><br/>\n            </p>\n            <p>\n                <br/>\n            </p>','goods/images/23298590-1_u_4.jpg',0,0,'2019-05-16 18:32:02.227614',6,16.04,'贾尼思·梅'),(12,'9787533258061',' 信谊世界精选图画书·下雪天',0,13,0,937,30.11,24.09,'简单的故事却传神地展现出儿童的天真、好奇、幽默和创意。1963年荣获久负盛名的凯迪克金奖。','\n                    <p>\n                <span class=\"t1\" id=\"author\" dd_name=\"作者\" ddt-area=\"002\" style=\"margin: 0px; padding: 0px 25px 0px 0px; display: inline-block; color: rgb(100, 100, 100); font-family: Verdana, Simsun; font-size: 12px; background-color: rgb(255, 255, 255);\">作者:（美）<a href=\"http://search.dangdang.com/?key2=%BC%BE%D7%C8&medium=01&category_path=01.00.00.00.00.00\" target=\"_blank\" dd_name=\"作者\" style=\"margin: 0px; padding: 0px; text-decoration-line: none; color: rgb(26, 102, 179);\">季兹</a>　编绘，<a href=\"http://search.dangdang.com/?key2=%C9%CF%D2%EA&medium=01&category_path=01.00.00.00.00.00\" target=\"_blank\" dd_name=\"作者\" style=\"margin: 0px; padding: 0px; text-decoration-line: none; color: rgb(26, 102, 179);\">上谊</a>编辑部　译</span><span class=\"t1\" dd_name=\"出版社\" ddt-area=\"003\" style=\"margin: 0px; padding: 0px 25px 0px 0px; display: inline-block; color: rgb(100, 100, 100); font-family: Verdana, Simsun; font-size: 12px; background-color: rgb(255, 255, 255);\">出版社:<a href=\"http://search.dangdang.com/?key3=%C3%F7%CC%EC%B3%F6%B0%E6%C9%E7&medium=01&category_path=01.00.00.00.00.00\" target=\"_blank\" dd_name=\"出版社\" style=\"margin: 0px; padding: 0px; text-decoration-line: none; color: rgb(26, 102, 179);\">明天出版社</a></span><span class=\"t1\" style=\"margin: 0px; padding: 0px 25px 0px 0px; display: inline-block; color: rgb(100, 100, 100); font-family: Verdana, Simsun; font-size: 12px; background-color: rgb(255, 255, 255);\">出版时间:2008年09月</span>\n            </p>\n            <ul class=\"key clearfix list-paddingleft-2\" style=\"list-style-type: none;\">\n                <li>\n                    <p>\n                        开 本：20开\n                    </p>\n                </li>\n                <li>\n                    <p>\n                        纸 张：铜版纸\n                    </p>\n                </li>\n                <li>\n                    <p>\n                        包 装：精装\n                    </p>\n                </li>\n                <li>\n                    <p>\n                        是否套装：否\n                    </p>\n                </li>\n                <li>\n                    <p>\n                        国际标准书号ISBN：9787533258061\n                    </p>\n                </li>\n                <li>\n                    <p>\n                        丛书名：信谊世界精选图画书\n                    </p>\n                </li>\n            </ul>\n            <p>\n                <br/>\n            </p>','goods/images/20368063-1_u_4.jpg',0,0,'2019-05-16 18:32:02.341621',6,18.18,'季兹'),(13,'9787539984797',' 郑愁予的诗：不惑年代选集',2,16,0,934,54.38,43.50,'CCTV《朗读者》第二季压轴诗人郑愁予经典自选集 董卿、郑愁予手捧本书深情朗诵 他的诗集曾高票当选为“台湾文学经典”诗歌类TOP 1 列为“影响台湾三十年的三十本书”之一 他影响了整个华语诗坛','\n        <p>\n    <span class=\"t1\" id=\"author\" dd_name=\"作者\" ddt-area=\"002\" style=\"margin: 0px; padding: 0px 25px 0px 0px; display: inline-block; color: rgb(100, 100, 100); font-family: Verdana, Simsun; font-size: 12px; background-color: rgb(255, 255, 255);\">作者:<a href=\"http://search.dangdang.com/?key2=%D6%A3%B3%EE%D3%E8&medium=01&category_path=01.00.00.00.00.00\" target=\"_blank\" dd_name=\"作者\" style=\"margin: 0px; padding: 0px; text-decoration-line: none; color: rgb(26, 102, 179);\">郑愁予</a></span><span class=\"t1\" dd_name=\"出版社\" ddt-area=\"003\" style=\"margin: 0px; padding: 0px 25px 0px 0px; display: inline-block; color: rgb(100, 100, 100); font-family: Verdana, Simsun; font-size: 12px; background-color: rgb(255, 255, 255);\">出版社:<a href=\"http://search.dangdang.com/?key3=%BD%AD%CB%D5%CE%C4%D2%D5%B3%F6%B0%E6%C9%E7&medium=01&category_path=01.00.00.00.00.00\" target=\"_blank\" dd_name=\"出版社\" style=\"margin: 0px; padding: 0px; text-decoration-line: none; color: rgb(26, 102, 179);\">江苏文艺出版社</a></span><span class=\"t1\" style=\"margin: 0px; padding: 0px 25px 0px 0px; display: inline-block; color: rgb(100, 100, 100); font-family: Verdana, Simsun; font-size: 12px; background-color: rgb(255, 255, 255);\">出版时间:2016年03月</span>\n</p>\n<ul class=\"key clearfix list-paddingleft-2\" style=\"list-style-type: none;\">\n    <li>\n        <p>\n            开 本：32开\n        </p>\n    </li>\n    <li>\n        <p>\n            纸 张：胶版纸\n        </p>\n    </li>\n    <li>\n        <p>\n            包 装：精装\n        </p>\n    </li>\n    <li>\n        <p>\n            是否套装：否\n        </p>\n    </li>\n    <li>\n        <p>\n            国际标准书号ISBN：9787539984797\n        </p>\n    </li>\n</ul>\n<p>\n    <br/>\n</p>','goods/images/23940520-1_u_9.jpg',0,0,'2019-05-16 18:32:02.472628',8,32.79,'郑愁予'),(14,'9787513534291','火焰与词语-吉狄马加诗集',0,7,0,993,65.12,52.10,' ','\n        <p>\n    <span class=\"t1\" id=\"author\" dd_name=\"作者\" ddt-area=\"002\" style=\"margin: 0px; padding: 0px 25px 0px 0px; display: inline-block; color: rgb(100, 100, 100); font-family: Verdana, Simsun; font-size: 12px; background-color: rgb(255, 255, 255);\">作者:<a href=\"http://search.dangdang.com/?key2=%BC%AA%B5%D2%C2%ED%BC%D3&medium=01&category_path=01.00.00.00.00.00\" target=\"_blank\" dd_name=\"作者\" style=\"margin: 0px; padding: 0px; color: rgb(26, 102, 179);\">吉狄马加</a></span><span class=\"t1\" dd_name=\"出版社\" ddt-area=\"003\" style=\"margin: 0px; padding: 0px 25px 0px 0px; display: inline-block; color: rgb(100, 100, 100); font-family: Verdana, Simsun; font-size: 12px; background-color: rgb(255, 255, 255);\">出版社:<a href=\"http://search.dangdang.com/?key3=%CD%E2%D3%EF%BD%CC%D1%A7%D3%EB%D1%D0%BE%BF%B3%F6%B0%E6%C9%E7&medium=01&category_path=01.00.00.00.00.00\" target=\"_blank\" dd_name=\"出版社\" style=\"margin: 0px; padding: 0px; text-decoration-line: none; color: rgb(26, 102, 179);\">外语教学与研究出版社</a></span><span class=\"t1\" style=\"margin: 0px; padding: 0px 25px 0px 0px; display: inline-block; color: rgb(100, 100, 100); font-family: Verdana, Simsun; font-size: 12px; background-color: rgb(255, 255, 255);\">出版时间:2013年08月</span>\n</p>\n<ul class=\"key clearfix list-paddingleft-2\" style=\"list-style-type: none;\">\n    <li>\n        <p>\n            开 本：16开\n        </p>\n    </li>\n    <li>\n        <p>\n            纸 张：胶版纸\n        </p>\n    </li>\n    <li>\n        <p>\n            包 装：精装\n        </p>\n    </li>\n    <li>\n        <p>\n            是否套装：否\n        </p>\n    </li>\n    <li>\n        <p>\n            国际标准书号ISBN：9787513534291\n        </p>\n    </li>\n</ul>\n<p>\n    <br/>\n</p>','goods/images/23315903-1_u_2.jpg',0,0,'2019-05-16 18:32:02.744644',8,39.17,'吉狄马加'),(15,'9787530217962',' 在细雨中呼喊（精装版）',0,7,0,493,24.62,19.70,'央视《朗读者》推荐，余华首部长篇小说，2018新版精装典藏','\n                <p>\n    <span class=\"t1\" id=\"author\" dd_name=\"作者\" ddt-area=\"002\" style=\"margin: 0px; padding: 0px 25px 0px 0px; display: inline-block; color: rgb(100, 100, 100); font-family: Verdana, Simsun; font-size: 12px; background-color: rgb(255, 255, 255);\">作者:<a href=\"http://search.dangdang.com/?key2=%D3%E0%BB%AA&medium=01&category_path=01.00.00.00.00.00\" target=\"_blank\" dd_name=\"作者\" style=\"margin: 0px; padding: 0px; text-decoration-line: none; color: rgb(26, 102, 179);\">余华</a>&nbsp;著，<a href=\"http://search.dangdang.com/?key2=%D0%C2%BE%AD%B5%E4&medium=01&category_path=01.00.00.00.00.00\" target=\"_blank\" dd_name=\"作者\" style=\"margin: 0px; padding: 0px; text-decoration-line: none; color: rgb(26, 102, 179);\">新经典</a>&nbsp;出品</span><span class=\"t1\" dd_name=\"出版社\" ddt-area=\"003\" style=\"margin: 0px; padding: 0px 25px 0px 0px; display: inline-block; color: rgb(100, 100, 100); font-family: Verdana, Simsun; font-size: 12px; background-color: rgb(255, 255, 255);\">出版社:<a href=\"http://search.dangdang.com/?key3=%B1%B1%BE%A9%CA%AE%D4%C2%CE%C4%D2%D5%B3%F6%B0%E6%C9%E7&medium=01&category_path=01.00.00.00.00.00\" target=\"_blank\" dd_name=\"出版社\" style=\"margin: 0px; padding: 0px; text-decoration-line: none; color: rgb(26, 102, 179);\">北京十月文艺出版社</a></span><span class=\"t1\" style=\"margin: 0px; padding: 0px 25px 0px 0px; display: inline-block; color: rgb(100, 100, 100); font-family: Verdana, Simsun; font-size: 12px; background-color: rgb(255, 255, 255);\">出版时间:2018年05月</span>\n</p>\n<ul class=\"key clearfix list-paddingleft-2\" style=\"list-style-type: none;\">\n    <li>\n        <p>\n            开 本：32开\n        </p>\n    </li>\n    <li>\n        <p>\n            纸 张：胶版纸\n        </p>\n    </li>\n    <li>\n        <p>\n            包 装：精装\n        </p>\n    </li>\n    <li>\n        <p>\n            是否套装：否\n        </p>\n    </li>\n    <li>\n        <p>\n            国际标准书号ISBN：9787530217962\n        </p>\n    </li>\n</ul>\n<p>\n    <br/>\n</p>','goods/images/25263398-1_u_3.jpg',0,0,'2019-05-16 18:32:02.991658',8,15.16,'余华'),(16,'9787549550173','目送：龙应台“人生三书”之三（彩插新版）',0,22,0,478,32.25,25.80,'购买布面典藏版，请点击【编辑推荐】内的购买链接。被誉为21世纪的《背影》 ，是跨三代共读的人生之书、感人至深的“生死笔记”，包含龙应台亲手摄影。','\n                <p>\n    <span class=\"t1\" id=\"author\" dd_name=\"作者\" ddt-area=\"002\" style=\"margin: 0px; padding: 0px 25px 0px 0px; display: inline-block; color: rgb(100, 100, 100); font-family: Verdana, Simsun; font-size: 12px; background-color: rgb(255, 255, 255);\">作者:<a href=\"http://search.dangdang.com/?key2=%C1%FA%D3%A6%CC%A8&medium=01&category_path=01.00.00.00.00.00\" target=\"_blank\" dd_name=\"作者\" style=\"margin: 0px; padding: 0px; text-decoration-line: none; color: rgb(26, 102, 179);\">龙应台</a>&nbsp;著，<a href=\"http://search.dangdang.com/?key2=%C0%ED%CF%EB%B9%FA&medium=01&category_path=01.00.00.00.00.00\" target=\"_blank\" dd_name=\"作者\" style=\"margin: 0px; padding: 0px; text-decoration-line: none; color: rgb(26, 102, 179);\">理想国</a>&nbsp;出品</span><span class=\"t1\" dd_name=\"出版社\" ddt-area=\"003\" style=\"margin: 0px; padding: 0px 25px 0px 0px; display: inline-block; color: rgb(100, 100, 100); font-family: Verdana, Simsun; font-size: 12px; background-color: rgb(255, 255, 255);\">出版社:<a href=\"http://search.dangdang.com/?key3=%B9%E3%CE%F7%CA%A6%B7%B6%B4%F3%D1%A7%B3%F6%B0%E6%C9%E7&medium=01&category_path=01.00.00.00.00.00\" target=\"_blank\" dd_name=\"出版社\" style=\"margin: 0px; padding: 0px; text-decoration-line: none; color: rgb(26, 102, 179);\">广西师范大学出版社</a></span><span class=\"t1\" style=\"margin: 0px; padding: 0px 25px 0px 0px; display: inline-block; color: rgb(100, 100, 100); font-family: Verdana, Simsun; font-size: 12px; background-color: rgb(255, 255, 255);\">出版时间:2014年01月</span>\n</p>\n<ul class=\"key clearfix list-paddingleft-2\" style=\"list-style-type: none;\">\n    <li>\n        <p>\n            开 本：16开\n        </p>\n    </li>\n    <li>\n        <p>\n            纸 张：胶版纸\n        </p>\n    </li>\n    <li>\n        <p>\n            包 装：平装-胶订\n        </p>\n    </li>\n    <li>\n        <p>\n            是否套装：否\n        </p>\n    </li>\n    <li>\n        <p>\n            国际标准书号ISBN：9787549550173\n        </p>\n    </li>\n</ul>\n<p>\n    <br/>\n</p>','goods/images/23407125-1_u_1.jpg',0,0,'2019-05-16 18:32:03.224671',9,19.86,'龙应台'),(17,'9787533945251','梦的解析（德文直译无删节·革新人类思维方式的巨著）',0,17,0,833,42.50,34.00,' ','\n                <p>\n    <span class=\"t1\" id=\"author\" dd_name=\"作者\" ddt-area=\"002\" style=\"margin: 0px; padding: 0px 25px 0px 0px; display: inline-block; color: rgb(100, 100, 100); font-family: Verdana, Simsun; font-size: 12px; background-color: rgb(255, 255, 255);\">作者:（奥）<a href=\"http://search.dangdang.com/?key2=%CE%F7%B8%F1%C3%C9%B5%C2%A1%A4%B8%A5%C2%E5%D2%C1%B5%C2&medium=01&category_path=01.00.00.00.00.00\" target=\"_blank\" dd_name=\"作者\" style=\"margin: 0px; padding: 0px; text-decoration-line: none; color: rgb(26, 102, 179);\">西格蒙德·弗洛伊德</a>，<a href=\"http://search.dangdang.com/?key2=%B9%FB%C2%F3%CE%C4%BB%AF&medium=01&category_path=01.00.00.00.00.00\" target=\"_blank\" dd_name=\"作者\" style=\"margin: 0px; padding: 0px; text-decoration-line: none; color: rgb(26, 102, 179);\">果麦文化</a>&nbsp;出品</span><span class=\"t1\" dd_name=\"出版社\" ddt-area=\"003\" style=\"margin: 0px; padding: 0px 25px 0px 0px; display: inline-block; color: rgb(100, 100, 100); font-family: Verdana, Simsun; font-size: 12px; background-color: rgb(255, 255, 255);\">出版社:<a href=\"http://search.dangdang.com/?key3=%D5%E3%BD%AD%CE%C4%D2%D5%B3%F6%B0%E6%C9%E7&medium=01&category_path=01.00.00.00.00.00\" target=\"_blank\" dd_name=\"出版社\" style=\"margin: 0px; padding: 0px; text-decoration-line: none; color: rgb(26, 102, 179);\">浙江文艺出版社</a></span><span class=\"t1\" style=\"margin: 0px; padding: 0px 25px 0px 0px; display: inline-block; color: rgb(100, 100, 100); font-family: Verdana, Simsun; font-size: 12px; background-color: rgb(255, 255, 255);\">出版时间:2016年06月</span>\n</p>\n<ul class=\"key clearfix list-paddingleft-2\" style=\"list-style-type: none;\">\n    <li>\n        <p>\n            开 本：32开\n        </p>\n    </li>\n    <li>\n        <p>\n            纸 张：轻型纸\n        </p>\n    </li>\n    <li>\n        <p>\n            包 装：平装-胶订\n        </p>\n    </li>\n    <li>\n        <p>\n            是否套装：否\n        </p>\n    </li>\n    <li>\n        <p>\n            国际标准书号ISBN：9787533945251\n        </p>\n    </li>\n</ul>\n<p>\n    <br/>\n</p>','goods/images/23981715-1_u_12.jpg',0,0,'2019-05-16 18:32:03.356679',9,25.68,'西格蒙德·弗洛伊德'),(18,'9787531569138','小王子',0,13,0,987,12.00,9.60,'豆瓣9.7高分推荐！著名旅法翻译家梅思繁精准翻译，央美教授超高精度还原原作插画。首次收录全球范围内舞台剧、音乐会、电影、动画片等对《小王子》的精彩改编','\n                <p>\n    <span class=\"t1\" id=\"author\" dd_name=\"作者\" ddt-area=\"002\" style=\"margin: 0px; padding: 0px 25px 0px 0px; display: inline-block; color: rgb(100, 100, 100); font-family: Verdana, Simsun; font-size: 12px; background-color: rgb(255, 255, 255);\">作者:(法) 圣-<a href=\"http://search.dangdang.com/?key2=%B0%A3%BF%CB%CB%D5%C5%E5%C0%EF&medium=01&category_path=01.00.00.00.00.00\" target=\"_blank\" dd_name=\"作者\" style=\"margin: 0px; padding: 0px; text-decoration-line: none; color: rgb(26, 102, 179);\">埃克苏佩里</a>著 ,&nbsp;<a href=\"http://search.dangdang.com/?key2=%C3%B7%CB%BC%B7%B1&medium=01&category_path=01.00.00.00.00.00\" target=\"_blank\" dd_name=\"作者\" style=\"margin: 0px; padding: 0px; text-decoration-line: none; color: rgb(26, 102, 179);\">梅思繁</a>&nbsp;译，<a href=\"http://search.dangdang.com/?key2=%D5%C5%C8%D9%C3%B7&medium=01&category_path=01.00.00.00.00.00\" target=\"_blank\" dd_name=\"作者\" style=\"margin: 0px; padding: 0px; text-decoration-line: none; color: rgb(26, 102, 179);\">张荣梅</a>&nbsp;策划，<a href=\"http://search.dangdang.com/?key2=%D0%A1%B5%B1%B5%B1%CD%AF%CA%E9%B9%DD&medium=01&category_path=01.00.00.00.00.00\" target=\"_blank\" dd_name=\"作者\" style=\"margin: 0px; padding: 0px; text-decoration-line: none; color: rgb(26, 102, 179);\">小当当童书馆</a>&nbsp;出品</span><span class=\"t1\" dd_name=\"出版社\" ddt-area=\"003\" style=\"margin: 0px; padding: 0px 25px 0px 0px; display: inline-block; color: rgb(100, 100, 100); font-family: Verdana, Simsun; font-size: 12px; background-color: rgb(255, 255, 255);\">出版社:<a href=\"http://search.dangdang.com/?key3=%C1%C9%C4%FE%C9%D9%C4%EA%B6%F9%CD%AF%B3%F6%B0%E6%C9%E7&medium=01&category_path=01.00.00.00.00.00\" target=\"_blank\" dd_name=\"出版社\" style=\"margin: 0px; padding: 0px; text-decoration-line: none; color: rgb(26, 102, 179);\">辽宁少年儿童出版社</a></span>\n</p>\n<ul class=\"key clearfix list-paddingleft-2\" style=\"list-style-type: none;\">\n    <li>\n        <p>\n            开 本：大32开\n        </p>\n    </li>\n    <li>\n        <p>\n            纸 张：轻型纸\n        </p>\n    </li>\n    <li>\n        <p>\n            包 装：平装-胶订\n        </p>\n    </li>\n    <li>\n        <p>\n            是否套装：否\n        </p>\n    </li>\n    <li>\n        <p>\n            国际标准书号ISBN：9787531569138\n        </p>\n    </li>\n</ul>\n<p>\n    <br/>\n</p>','goods/images/25067469-1_u_2.jpg',0,0,'2019-05-16 18:32:03.502687',9,7.22,'圣-埃克苏佩里'),(19,'9787516813546','朝花夕拾：全彩珍藏版（1-9年级必读书单）',0,11,0,739,25.50,20.40,'名著导读书目，全彩4色，大师珍藏版，民国范封面。鲁迅weiyi一部回忆性散文集《朝花夕拾》+《故事新编》+中国现代散文诗开山之作《野草》等，1—9年级书单，民国版本为底本，原汁原味，请勿以为是错别字','\n                <p>\n    <span class=\"t1\" id=\"author\" dd_name=\"作者\" ddt-area=\"002\" style=\"margin: 0px; padding: 0px 25px 0px 0px; display: inline-block; color: rgb(100, 100, 100); font-family: Verdana, Simsun; font-size: 12px; background-color: rgb(255, 255, 255);\">作者:<a href=\"http://search.dangdang.com/?key2=%C2%B3%D1%B8&medium=01&category_path=01.00.00.00.00.00\" target=\"_blank\" dd_name=\"作者\" style=\"margin: 0px; padding: 0px; text-decoration-line: none; color: rgb(26, 102, 179);\">鲁迅</a></span><span class=\"t1\" dd_name=\"出版社\" ddt-area=\"003\" style=\"margin: 0px; padding: 0px 25px 0px 0px; display: inline-block; color: rgb(100, 100, 100); font-family: Verdana, Simsun; font-size: 12px; background-color: rgb(255, 255, 255);\">出版社:<a href=\"http://search.dangdang.com/?key3=%CC%A8%BA%A3%B3%F6%B0%E6%C9%E7&medium=01&category_path=01.00.00.00.00.00\" target=\"_blank\" dd_name=\"出版社\" style=\"margin: 0px; padding: 0px; text-decoration-line: none; color: rgb(26, 102, 179);\">台海出版社</a></span><span class=\"t1\" style=\"margin: 0px; padding: 0px 25px 0px 0px; display: inline-block; color: rgb(100, 100, 100); font-family: Verdana, Simsun; font-size: 12px; background-color: rgb(255, 255, 255);\">出版时间:2017年06月&nbsp;</span>\n</p>\n<ul class=\"key clearfix list-paddingleft-2\" style=\"list-style-type: none;\">\n    <li>\n        <p>\n            开 本：32开\n        </p>\n    </li>\n    <li>\n        <p>\n            纸 张：纯质纸\n        </p>\n    </li>\n    <li>\n        <p>\n            包 装：平装-胶订\n        </p>\n    </li>\n    <li>\n        <p>\n            是否套装：否\n        </p>\n    </li>\n    <li>\n        <p>\n            国际标准书号ISBN：9787516813546\n        </p>\n    </li>\n</ul>\n<p>\n    <br/>\n</p>','goods/images/25091039-1_u_2.jpg',0,0,'2019-05-16 18:32:03.725700',10,15.51,'鲁迅'),(20,'9787553639154','西游记 (新课标 青少版)',0,14,0,836,22.12,17.70,'【当当出品】当当网此版本销量靠前！(公版书)中小学新课标书目，四大名著之一，经典原著权威改编，无障碍轻松阅读，中国古代首部浪漫主义长篇神魔小说，刻画了神魔情怀与人性百态，青少年必读！','\n                <p>\n    <span class=\"t1\" id=\"author\" dd_name=\"作者\" ddt-area=\"002\" style=\"margin: 0px; padding: 0px 25px 0px 0px; display: inline-block; color: rgb(100, 100, 100); font-family: Verdana, Simsun; font-size: 12px; background-color: rgb(255, 255, 255);\">作者:（明）<a href=\"http://search.dangdang.com/?key2=%CE%E2%B3%D0%B6%F7&medium=01&category_path=01.00.00.00.00.00\" target=\"_blank\" dd_name=\"作者\" style=\"margin: 0px; padding: 0px; text-decoration-line: none; color: rgb(26, 102, 179);\">吴承恩</a>&nbsp;著；<a href=\"http://search.dangdang.com/?key2=%D5%C5%D1%E0%BE%F9&medium=01&category_path=01.00.00.00.00.00\" target=\"_blank\" dd_name=\"作者\" style=\"margin: 0px; padding: 0px; text-decoration-line: none; color: rgb(26, 102, 179);\">张燕均</a>，<a href=\"http://search.dangdang.com/?key2=%B8%BB%C7%BF&medium=01&category_path=01.00.00.00.00.00\" target=\"_blank\" dd_name=\"作者\" style=\"margin: 0px; padding: 0px; text-decoration-line: none; color: rgb(26, 102, 179);\">富强</a>&nbsp;改编</span><span class=\"t1\" dd_name=\"出版社\" ddt-area=\"003\" style=\"margin: 0px; padding: 0px 25px 0px 0px; display: inline-block; color: rgb(100, 100, 100); font-family: Verdana, Simsun; font-size: 12px; background-color: rgb(255, 255, 255);\">出版社:<a href=\"http://search.dangdang.com/?key3=%D5%E3%BD%AD%BD%CC%D3%FD%B3%F6%B0%E6%C9%E7&medium=01&category_path=01.00.00.00.00.00\" target=\"_blank\" dd_name=\"出版社\" style=\"margin: 0px; padding: 0px; text-decoration-line: none; color: rgb(26, 102, 179);\">浙江教育出版社</a></span><span class=\"t1\" style=\"margin: 0px; padding: 0px 25px 0px 0px; display: inline-block; color: rgb(100, 100, 100); font-family: Verdana, Simsun; font-size: 12px; background-color: rgb(255, 255, 255);\">出版时间:2016年01月</span>\n</p>\n<ul class=\"key clearfix list-paddingleft-2\" style=\"list-style-type: none;\">\n    <li>\n        <p>\n            开 本：32开\n        </p>\n    </li>\n    <li>\n        <p>\n            纸 张：胶版纸\n        </p>\n    </li>\n    <li>\n        <p>\n            包 装：平装-胶订\n        </p>\n    </li>\n    <li>\n        <p>\n            是否套装：否\n        </p>\n    </li>\n    <li>\n        <p>\n            国际标准书号ISBN：9787553639154\n        </p>\n    </li>\n</ul>\n<p>\n    <br/>\n</p>','goods/images/23845428-1_u_4.jpg',0,0,'2019-05-16 18:32:04.165725',10,13.38,'（明）吴承恩'),(21,'9787559612427','白洋淀纪事（未删节完整全新珍藏版）',0,22,0,828,35.75,28.60,'完整无删节全新珍藏版，教育部新编初中语文教材指定阅读图书！孙犁女儿亲自签字授权！矛盾、莫言、贾平凹等推崇备至的文学大师孙犁经典之作！','\n                <p>\n    <span class=\"t1\" id=\"author\" dd_name=\"作者\" ddt-area=\"002\" style=\"margin: 0px; padding: 0px 25px 0px 0px; display: inline-block; color: rgb(100, 100, 100); font-family: Verdana, Simsun; font-size: 12px; background-color: rgb(255, 255, 255);\">作者:<a href=\"http://search.dangdang.com/?key2=%CB%EF%C0%E7&medium=01&category_path=01.00.00.00.00.00\" target=\"_blank\" dd_name=\"作者\" style=\"margin: 0px; padding: 0px; text-decoration-line: none; color: rgb(26, 102, 179);\">孙犁</a>&nbsp;著，<a href=\"http://search.dangdang.com/?key2=%C4%A5%CC%FA%CD%BC%CA%E9&medium=01&category_path=01.00.00.00.00.00\" target=\"_blank\" dd_name=\"作者\" style=\"margin: 0px; padding: 0px; text-decoration-line: none; color: rgb(26, 102, 179);\">磨铁图书</a>&nbsp;出品</span><span class=\"t1\" dd_name=\"出版社\" ddt-area=\"003\" style=\"margin: 0px; padding: 0px 25px 0px 0px; display: inline-block; color: rgb(100, 100, 100); font-family: Verdana, Simsun; font-size: 12px; background-color: rgb(255, 255, 255);\">出版社:<a href=\"http://search.dangdang.com/?key3=%B1%B1%BE%A9%C1%AA%BA%CF%B3%F6%B0%E6%D3%D0%CF%DE%B9%AB%CB%BE&medium=01&category_path=01.00.00.00.00.00\" target=\"_blank\" dd_name=\"出版社\" style=\"margin: 0px; padding: 0px; text-decoration-line: none; color: rgb(26, 102, 179);\">北京联合出版有限公司</a></span><span class=\"t1\" style=\"margin: 0px; padding: 0px 25px 0px 0px; display: inline-block; color: rgb(100, 100, 100); font-family: Verdana, Simsun; font-size: 12px; background-color: rgb(255, 255, 255);\">出版时间:2018年01月</span>\n</p>\n<ul class=\"key clearfix list-paddingleft-2\" style=\"list-style-type: none;\">\n    <li>\n        <p>\n            开 本：16开\n        </p>\n    </li>\n    <li>\n        <p>\n            纸 张：胶版纸\n        </p>\n    </li>\n    <li>\n        <p>\n            包 装：平装-胶订\n        </p>\n    </li>\n    <li>\n        <p>\n            是否套装：否\n        </p>\n    </li>\n    <li>\n        <p>\n            国际标准书号ISBN：9787559612427\n        </p>\n    </li>\n</ul>\n<p>\n    <br/>\n</p>','goods/images/25192829-1_u_3.jpg',0,0,'2019-05-16 18:32:04.329734',10,21.59,'孙犁'),(22,'9787550025059',' 独孤皇后（全二册） 陈乔恩x陈晓 领衔主演',0,12,0,938,44.38,35.50,'陈乔恩、陈晓领衔主演，同名电视剧原著小说，随书赠主角剧照海报和名信片','\n                <p>\n    <span class=\"t1\" id=\"author\" dd_name=\"作者\" ddt-area=\"002\" style=\"margin: 0px; padding: 0px 25px 0px 0px; display: inline-block; color: rgb(100, 100, 100); font-family: Verdana, Simsun; font-size: 12px; background-color: rgb(255, 255, 255);\">作者:<a href=\"http://search.dangdang.com/?key2=%CF%D0%CF%D0%B5%C4%C7%EF%C7%A7&medium=01&category_path=01.00.00.00.00.00\" target=\"_blank\" dd_name=\"作者\" style=\"margin: 0px; padding: 0px; text-decoration-line: none; color: rgb(26, 102, 179);\">闲闲的秋千</a></span><span class=\"t1\" dd_name=\"出版社\" ddt-area=\"003\" style=\"margin: 0px; padding: 0px 25px 0px 0px; display: inline-block; color: rgb(100, 100, 100); font-family: Verdana, Simsun; font-size: 12px; background-color: rgb(255, 255, 255);\">出版社:<a href=\"http://search.dangdang.com/?key3=%B0%D9%BB%A8%D6%DE%CE%C4%D2%D5%B3%F6%B0%E6%C9%E7&medium=01&category_path=01.00.00.00.00.00\" target=\"_blank\" dd_name=\"出版社\" style=\"margin: 0px; padding: 0px; text-decoration-line: none; color: rgb(26, 102, 179);\">百花洲文艺出版社</a></span><span class=\"t1\" style=\"margin: 0px; padding: 0px 25px 0px 0px; display: inline-block; color: rgb(100, 100, 100); font-family: Verdana, Simsun; font-size: 12px; background-color: rgb(255, 255, 255);\">出版时间:2017年12月</span>\n</p>\n<ul class=\"key clearfix list-paddingleft-2\" style=\"list-style-type: none;\">\n    <li>\n        <p>\n            开 本：16开\n        </p>\n    </li>\n    <li>\n        <p>\n            纸 张：胶版纸\n        </p>\n    </li>\n    <li>\n        <p>\n            包 装：平装-胶订\n        </p>\n    </li>\n    <li>\n        <p>\n            是否套装：是\n        </p>\n    </li>\n    <li>\n        <p>\n            国际标准书号ISBN：9787550025059\n        </p>\n    </li>\n</ul>\n<p>\n    <br/>\n</p>','goods/images/25197067-1_u_3.jpg',0,0,'2019-05-16 18:32:04.422740',11,26.89,'闲闲的秋千'),(23,'9787540476977','招摇：全二册',0,15,0,985,36.25,29.00,'参与活动赢主演亲笔签名等好礼，详见内文。女主负责打打杀杀，男主负责看门保家！人气仙侠言情作家九鹭非香倾情力作！年度不容错过的虐恋暖萌仙侠小说！','\n                <p>\n    <span class=\"t1\" id=\"author\" dd_name=\"作者\" ddt-area=\"002\" style=\"margin: 0px; padding: 0px 25px 0px 0px; display: inline-block; color: rgb(100, 100, 100); font-family: Verdana, Simsun; font-size: 12px; background-color: rgb(255, 255, 255);\">作者:<a href=\"http://search.dangdang.com/?key2=%BE%C5%F0%D8%B7%C7%CF%E3&medium=01&category_path=01.00.00.00.00.00\" target=\"_blank\" dd_name=\"作者\" style=\"margin: 0px; padding: 0px; text-decoration-line: none; color: rgb(26, 102, 179);\">九鹭非香</a></span><span class=\"t1\" dd_name=\"出版社\" ddt-area=\"003\" style=\"margin: 0px; padding: 0px 25px 0px 0px; display: inline-block; color: rgb(100, 100, 100); font-family: Verdana, Simsun; font-size: 12px; background-color: rgb(255, 255, 255);\">出版社:<a href=\"http://search.dangdang.com/?key3=%BA%FE%C4%CF%CE%C4%D2%D5%B3%F6%B0%E6%C9%E7&medium=01&category_path=01.00.00.00.00.00\" target=\"_blank\" dd_name=\"出版社\" style=\"margin: 0px; padding: 0px; text-decoration-line: none; color: rgb(26, 102, 179);\">湖南文艺出版社</a></span><span class=\"t1\" style=\"margin: 0px; padding: 0px 25px 0px 0px; display: inline-block; color: rgb(100, 100, 100); font-family: Verdana, Simsun; font-size: 12px; background-color: rgb(255, 255, 255);\">出版时间:2016年08月&nbsp;</span>\n</p>\n<ul class=\"key clearfix list-paddingleft-2\" style=\"list-style-type: none;\">\n    <li>\n        <p>\n            开 本：16开\n        </p>\n    </li>\n    <li>\n        <p>\n            纸 张：胶版纸\n        </p>\n    </li>\n    <li>\n        <p>\n            包 装：平装-胶订\n        </p>\n    </li>\n    <li>\n        <p>\n            是否套装：是\n        </p>\n    </li>\n    <li>\n        <p>\n            国际标准书号ISBN：9787540476977\n        </p>\n    </li>\n</ul>\n<p>\n    <br/>\n</p>','goods/images/24012812-1_u_20.jpg',0,0,'2019-05-16 18:32:04.545747',11,21.88,'九鹭非香'),(24,'9787559430540','锦衣之下·典藏版（全2册）',0,2,0,648,49.38,39.50,'（限量亲笔签名版先到先得）同名电视剧由任嘉伦、谭松韵主演，新增番外3万字。猫戏老鼠何谓输赢。冷面腹黑锦衣卫大人×六扇门机灵女捕快。','\n                <p>\n    <span class=\"t1\" id=\"author\" dd_name=\"作者\" ddt-area=\"002\" style=\"margin: 0px; padding: 0px 25px 0px 0px; display: inline-block; color: rgb(100, 100, 100); font-family: Verdana, Simsun; font-size: 12px; background-color: rgb(255, 255, 255);\">作者:<a href=\"http://search.dangdang.com/?key2=%C0%B6%C9%AB%CA%A8&medium=01&category_path=01.00.00.00.00.00\" target=\"_blank\" dd_name=\"作者\" style=\"margin: 0px; padding: 0px; text-decoration-line: none; color: rgb(26, 102, 179);\">蓝色狮</a>，<a href=\"http://search.dangdang.com/?key2=%F7%C8%C0%F6%CE%C4%BB%AF&medium=01&category_path=01.00.00.00.00.00\" target=\"_blank\" dd_name=\"作者\" style=\"margin: 0px; padding: 0px; text-decoration-line: none; color: rgb(26, 102, 179);\">魅丽文化</a></span><span class=\"t1\" dd_name=\"出版社\" ddt-area=\"003\" style=\"margin: 0px; padding: 0px 25px 0px 0px; display: inline-block; color: rgb(100, 100, 100); font-family: Verdana, Simsun; font-size: 12px; background-color: rgb(255, 255, 255);\">出版社:<a href=\"http://search.dangdang.com/?key3=%BD%AD%CB%D5%B7%EF%BB%CB%CE%C4%D2%D5%B3%F6%B0%E6%C9%E7&medium=01&category_path=01.00.00.00.00.00\" target=\"_blank\" dd_name=\"出版社\" style=\"margin: 0px; padding: 0px; text-decoration-line: none; color: rgb(26, 102, 179);\">江苏凤凰文艺出版社</a></span><span class=\"t1\" style=\"margin: 0px; padding: 0px 25px 0px 0px; display: inline-block; color: rgb(100, 100, 100); font-family: Verdana, Simsun; font-size: 12px; background-color: rgb(255, 255, 255);\">出版时间:2018年12月&nbsp;</span>\n</p>\n<ul class=\"key clearfix list-paddingleft-2\" style=\"list-style-type: none;\">\n    <li>\n        <p>\n            开 本：16开\n        </p>\n    </li>\n    <li>\n        <p>\n            纸 张：胶版纸\n        </p>\n    </li>\n    <li>\n        <p>\n            包 装：平装-胶订\n        </p>\n    </li>\n    <li>\n        <p>\n            是否套装：是\n        </p>\n    </li>\n    <li>\n        <p>\n            国际标准书号ISBN：9787559430540\n        </p>\n    </li>\n</ul>\n<p>\n    <br/>\n</p>','goods/images/25585686-1_u_2.jpg',0,0,'2019-05-16 18:32:04.651753',11,30.10,'蓝色狮'),(25,'9787509791127','甲骨文丛书·伟大的海：地中海人类史（套装全2册）',0,5,0,545,148.25,118.60,'2011年《星期日泰晤士报》年度选书历史著作榜首，2011年英国国家学院杰出成就奖。1949年布罗代尔的《地中海史》之后，一部重要的地中海史作品','\n                <p>\n    <span class=\"t1\" id=\"author\" dd_name=\"作者\" ddt-area=\"002\" style=\"margin: 0px; padding: 0px 25px 0px 0px; display: inline-block; color: rgb(100, 100, 100); font-family: Verdana, Simsun; font-size: 12px; background-color: rgb(255, 255, 255);\">作者:<a href=\"http://search.dangdang.com/?key2=%B4%F3%CE%C0%A1%A4%B0%A2%B2%BC%C0%AD%B7%C6%D1%C7&medium=01&category_path=01.00.00.00.00.00\" target=\"_blank\" dd_name=\"作者\" style=\"margin: 0px; padding: 0px; text-decoration-line: none; color: rgb(26, 102, 179);\">大卫·阿布拉菲亚</a>（<a href=\"http://search.dangdang.com/?key2=David&medium=01&category_path=01.00.00.00.00.00\" target=\"_blank\" dd_name=\"作者\" style=\"margin: 0px; padding: 0px; text-decoration-line: none; color: rgb(26, 102, 179);\">David</a>&nbsp;<a href=\"http://search.dangdang.com/?key2=Abulafia&medium=01&category_path=01.00.00.00.00.00\" target=\"_blank\" dd_name=\"作者\" style=\"margin: 0px; padding: 0px; text-decoration-line: none; color: rgb(26, 102, 179);\">Abulafia</a>）著&nbsp;<a href=\"http://search.dangdang.com/?key2=%D0%EC%BC%D2%C1%E1&medium=01&category_path=01.00.00.00.00.00\" target=\"_blank\" dd_name=\"作者\" style=\"margin: 0px; padding: 0px; text-decoration-line: none; color: rgb(26, 102, 179);\">徐家玲</a>&nbsp;译</span><span class=\"t1\" dd_name=\"出版社\" ddt-area=\"003\" style=\"margin: 0px; padding: 0px 25px 0px 0px; display: inline-block; color: rgb(100, 100, 100); font-family: Verdana, Simsun; font-size: 12px; background-color: rgb(255, 255, 255);\">出版社:<a href=\"http://search.dangdang.com/?key3=%C9%E7%BB%E1%BF%C6%D1%A7%CE%C4%CF%D7%B3%F6%B0%E6%C9%E7&medium=01&category_path=01.00.00.00.00.00\" target=\"_blank\" dd_name=\"出版社\" style=\"margin: 0px; padding: 0px; text-decoration-line: none; color: rgb(26, 102, 179);\">社会科学文献出版社</a></span><span class=\"t1\" style=\"margin: 0px; padding: 0px 25px 0px 0px; display: inline-block; color: rgb(100, 100, 100); font-family: Verdana, Simsun; font-size: 12px; background-color: rgb(255, 255, 255);\">出版时间:2018年07月&nbsp;</span>\n</p>\n<ul class=\"key clearfix list-paddingleft-2\" style=\"list-style-type: none;\">\n    <li>\n        <p>\n            开 本：32开\n        </p>\n    </li>\n    <li>\n        <p>\n            纸 张：胶版纸\n        </p>\n    </li>\n    <li>\n        <p>\n            包 装：精装\n        </p>\n    </li>\n    <li>\n        <p>\n            是否套装：是\n        </p>\n    </li>\n    <li>\n        <p>\n            国际标准书号ISBN：9787509791127\n        </p>\n    </li>\n</ul>\n<p>\n    <br/>\n</p>','goods/images/25306180-1_u_3.jpg',0,0,'2019-05-16 18:32:05.310791',13,90.91,'大卫·阿布拉菲亚（David Abulafia'),(26,'9787520121514','甲骨文丛书·石山本愿寺之战：织田信长与显如的十年战争',1,10,0,640,45.88,36.70,'织田信长“天下布武”巨大的障碍，“体制外自由民”激烈的反抗，乱世之中，宗教真的能置身世外吗？ ','\n                <p>\n    <span class=\"t1\" id=\"author\" dd_name=\"作者\" ddt-area=\"002\" style=\"margin: 0px; padding: 0px 25px 0px 0px; display: inline-block; color: rgb(100, 100, 100); font-family: Verdana, Simsun; font-size: 12px; background-color: rgb(255, 255, 255);\">作者:<a href=\"http://search.dangdang.com/?key2=%CE%E4%CC%EF%BE%B5%B4%E5&medium=01&category_path=01.00.00.00.00.00\" target=\"_blank\" dd_name=\"作者\" style=\"margin: 0px; padding: 0px; text-decoration-line: none; color: rgb(26, 102, 179);\">武田镜村</a>&nbsp;著&nbsp;<a href=\"http://search.dangdang.com/?key2=%BF%B5%EA%BB&medium=01&category_path=01.00.00.00.00.00\" target=\"_blank\" dd_name=\"作者\" style=\"margin: 0px; padding: 0px; text-decoration-line: none; color: rgb(26, 102, 179);\">康昊</a>&nbsp;译</span><span class=\"t1\" dd_name=\"出版社\" ddt-area=\"003\" style=\"margin: 0px; padding: 0px 25px 0px 0px; display: inline-block; color: rgb(100, 100, 100); font-family: Verdana, Simsun; font-size: 12px; background-color: rgb(255, 255, 255);\">出版社:<a href=\"http://search.dangdang.com/?key3=%C9%E7%BB%E1%BF%C6%D1%A7%CE%C4%CF%D7%B3%F6%B0%E6%C9%E7&medium=01&category_path=01.00.00.00.00.00\" target=\"_blank\" dd_name=\"出版社\" style=\"margin: 0px; padding: 0px; text-decoration-line: none; color: rgb(26, 102, 179);\">社会科学文献出版社</a></span><span class=\"t1\" style=\"margin: 0px; padding: 0px 25px 0px 0px; display: inline-block; color: rgb(100, 100, 100); font-family: Verdana, Simsun; font-size: 12px; background-color: rgb(255, 255, 255);\">出版时间:2018年07月&nbsp;</span>\n</p>\n<ul class=\"key clearfix list-paddingleft-2\" style=\"list-style-type: none;\">\n    <li>\n        <p>\n            开 本：32开\n        </p>\n    </li>\n    <li>\n        <p>\n            纸 张：胶版纸\n        </p>\n    </li>\n    <li>\n        <p>\n            包 装：精装\n        </p>\n    </li>\n    <li>\n        <p>\n            是否套装：否\n        </p>\n    </li>\n    <li>\n        <p>\n            国际标准书号ISBN：9787520121514\n        </p>\n    </li>\n</ul>\n<p>\n    <br/>\n</p>','goods/images/25293103-1_u_2.jpg',0,0,'2019-05-16 18:32:05.613808',13,28.07,'武田镜村'),(27,'9787520100311','甲骨文丛书·斯大林的战争（套装全2册）',0,17,0,583,77.62,62.10,' ','\n                <p>\n    <span class=\"t1\" id=\"author\" dd_name=\"作者\" ddt-area=\"002\" style=\"margin: 0px; padding: 0px 25px 0px 0px; display: inline-block; color: rgb(100, 100, 100); font-family: Verdana, Simsun; font-size: 12px; background-color: rgb(255, 255, 255);\">作者:<a href=\"http://search.dangdang.com/?key2=%BD%DC%B8%A5%C0%EF%A1%A4%C2%DE%B2%AE%B4%C4&medium=01&category_path=01.00.00.00.00.00\" target=\"_blank\" dd_name=\"作者\" style=\"margin: 0px; padding: 0px; text-decoration-line: none; color: rgb(26, 102, 179);\">杰弗里·罗伯茨</a>（<a href=\"http://search.dangdang.com/?key2=Geofrey&medium=01&category_path=01.00.00.00.00.00\" target=\"_blank\" dd_name=\"作者\" style=\"margin: 0px; padding: 0px; text-decoration-line: none; color: rgb(26, 102, 179);\">Geofrey</a>&nbsp;<a href=\"http://search.dangdang.com/?key2=Roberts&medium=01&category_path=01.00.00.00.00.00\" target=\"_blank\" dd_name=\"作者\" style=\"margin: 0px; padding: 0px; text-decoration-line: none; color: rgb(26, 102, 179);\">Roberts</a>） 著&nbsp;<a href=\"http://search.dangdang.com/?key2=%C0%EE%CF%FE%BD%AD&medium=01&category_path=01.00.00.00.00.00\" target=\"_blank\" dd_name=\"作者\" style=\"margin: 0px; padding: 0px; text-decoration-line: none; color: rgb(26, 102, 179);\">李晓江</a>&nbsp;译</span><span class=\"t1\" dd_name=\"出版社\" ddt-area=\"003\" style=\"margin: 0px; padding: 0px 25px 0px 0px; display: inline-block; color: rgb(100, 100, 100); font-family: Verdana, Simsun; font-size: 12px; background-color: rgb(255, 255, 255);\">出版社:<a href=\"http://search.dangdang.com/?key3=%C9%E7%BB%E1%BF%C6%D1%A7%CE%C4%CF%D7%B3%F6%B0%E6%C9%E7&medium=01&category_path=01.00.00.00.00.00\" target=\"_blank\" dd_name=\"出版社\" style=\"margin: 0px; padding: 0px; text-decoration-line: none; color: rgb(26, 102, 179);\">社会科学文献出版社</a></span><span class=\"t1\" style=\"margin: 0px; padding: 0px 25px 0px 0px; display: inline-block; color: rgb(100, 100, 100); font-family: Verdana, Simsun; font-size: 12px; background-color: rgb(255, 255, 255);\">出版时间:2018年06月</span>\n</p>\n<ul class=\"key clearfix list-paddingleft-2\" style=\"list-style-type: none;\">\n    <li>\n        <p>\n            开 本：32开\n        </p>\n    </li>\n    <li>\n        <p>\n            纸 张：胶版纸\n        </p>\n    </li>\n    <li>\n        <p>\n            包 装：平装-锁线胶订\n        </p>\n    </li>\n    <li>\n        <p>\n            是否套装：是\n        </p>\n    </li>\n    <li>\n        <p>\n            国际标准书号ISBN：9787520100311\n        </p>\n    </li>\n</ul>\n<p>\n    <br/>\n</p>','goods/images/25280228-1_u_3.jpg',0,0,'2019-05-16 18:32:05.701813',13,47.52,'杰弗里·罗伯茨（Geofrey Roberts'),(28,'9787513921985','汗青堂丛书020·两个世界的战争：2500年来东方与西方的竞逐',0,18,0,1232,103.12,82.50,'“文明冲突论”历史细节版，深刻揭露当今世界政治、宗教冲突的历史根源，2008年荣获美国近东政策研究所图书奖获奖作品 ','\n                <p>\n    <span class=\"t1\" id=\"author\" dd_name=\"作者\" ddt-area=\"002\" style=\"margin: 0px; padding: 0px 25px 0px 0px; display: inline-block; color: rgb(100, 100, 100); font-family: Verdana, Simsun; font-size: 12px; background-color: rgb(255, 255, 255);\">作者:[美]<a href=\"http://search.dangdang.com/?key2=%B0%B2%B6%AB%C4%E1%A1%A4%C5%C1%B8%EA%B5%C7&medium=01&category_path=01.00.00.00.00.00\" target=\"_blank\" dd_name=\"作者\" style=\"margin: 0px; padding: 0px; text-decoration-line: none; color: rgb(26, 102, 179);\">安东尼·帕戈登</a>（<a href=\"http://search.dangdang.com/?key2=Anthony&medium=01&category_path=01.00.00.00.00.00\" target=\"_blank\" dd_name=\"作者\" style=\"margin: 0px; padding: 0px; text-decoration-line: none; color: rgb(26, 102, 179);\">Anthony</a>&nbsp;<a href=\"http://search.dangdang.com/?key2=Pagden&medium=01&category_path=01.00.00.00.00.00\" target=\"_blank\" dd_name=\"作者\" style=\"margin: 0px; padding: 0px; text-decoration-line: none; color: rgb(26, 102, 179);\">Pagden</a>） 译者：<a href=\"http://search.dangdang.com/?key2=%B7%BD%D3%EE&medium=01&category_path=01.00.00.00.00.00\" target=\"_blank\" dd_name=\"作者\" style=\"margin: 0px; padding: 0px; text-decoration-line: none; color: rgb(26, 102, 179);\">方宇</a>&nbsp;<a href=\"http://search.dangdang.com/?key2=%BA%F3%C0%CB&medium=01&category_path=01.00.00.00.00.00\" target=\"_blank\" dd_name=\"作者\" style=\"margin: 0px; padding: 0px; text-decoration-line: none; color: rgb(26, 102, 179);\">后浪</a></span><span class=\"t1\" dd_name=\"出版社\" ddt-area=\"003\" style=\"margin: 0px; padding: 0px 25px 0px 0px; display: inline-block; color: rgb(100, 100, 100); font-family: Verdana, Simsun; font-size: 12px; background-color: rgb(255, 255, 255);\">出版社:<a href=\"http://search.dangdang.com/?key3=%C3%F1%D6%F7%D3%EB%BD%A8%C9%E8%B3%F6%B0%E6%C9%E7&medium=01&category_path=01.00.00.00.00.00\" target=\"_blank\" dd_name=\"出版社\" style=\"margin: 0px; padding: 0px; text-decoration-line: none; color: rgb(26, 102, 179);\">民主与建设出版社</a></span><span class=\"t1\" style=\"margin: 0px; padding: 0px 25px 0px 0px; display: inline-block; color: rgb(100, 100, 100); font-family: Verdana, Simsun; font-size: 12px; background-color: rgb(255, 255, 255);\">出版时间:2018年09月&nbsp;</span>\n</p>\n<ul class=\"key clearfix list-paddingleft-2\" style=\"list-style-type: none;\">\n    <li>\n        <p>\n            开 本：16开\n        </p>\n    </li>\n    <li>\n        <p>\n            纸 张：胶版纸\n        </p>\n    </li>\n    <li>\n        <p>\n            包 装：精装\n        </p>\n    </li>\n    <li>\n        <p>\n            是否套装：否\n        </p>\n    </li>\n    <li>\n        <p>\n            国际标准书号ISBN：9787513921985\n        </p>\n    </li>\n</ul>\n<p>\n    <br/>\n</p>','goods/images/25322720-1_u_3.jpg',0,0,'2019-05-16 18:32:05.816820',14,61.78,'[美]安东尼·帕戈登（Anthony Pagden'),(29,'9787513920926','汗青堂丛书018·劫掠欧罗巴：西方艺术珍品在二战中的命运',0,4,0,796,103.12,82.50,'在纳粹的疯狂行动和二战的轰鸣炮火中，追寻西方艺术珍品惊心动魄的经历 ','\n                <p>\n    <span class=\"t1\" id=\"author\" dd_name=\"作者\" ddt-area=\"002\" style=\"margin: 0px; padding: 0px 25px 0px 0px; display: inline-block; color: rgb(100, 100, 100); font-family: Verdana, Simsun; font-size: 12px; background-color: rgb(255, 255, 255);\">作者:[美]<a href=\"http://search.dangdang.com/?key2=%C1%D6%B6%F7%A1%A4H%A1%A4%C4%E1%B9%C5%C0%AD%CB%B9&medium=01&category_path=01.00.00.00.00.00\" target=\"_blank\" dd_name=\"作者\" style=\"margin: 0px; padding: 0px; text-decoration-line: none; color: rgb(26, 102, 179);\">林恩·H·尼古拉斯</a>&nbsp;译 者：<a href=\"http://search.dangdang.com/?key2=%C1%F5%D7%D3%D0%C5&medium=01&category_path=01.00.00.00.00.00\" target=\"_blank\" dd_name=\"作者\" style=\"margin: 0px; padding: 0px; text-decoration-line: none; color: rgb(26, 102, 179);\">刘子信</a>&nbsp;<a href=\"http://search.dangdang.com/?key2=%BA%F3%C0%CB&medium=01&category_path=01.00.00.00.00.00\" target=\"_blank\" dd_name=\"作者\" style=\"margin: 0px; padding: 0px; text-decoration-line: none; color: rgb(26, 102, 179);\">后浪</a></span><span class=\"t1\" dd_name=\"出版社\" ddt-area=\"003\" style=\"margin: 0px; padding: 0px 25px 0px 0px; display: inline-block; color: rgb(100, 100, 100); font-family: Verdana, Simsun; font-size: 12px; background-color: rgb(255, 255, 255);\">出版社:<a href=\"http://search.dangdang.com/?key3=%C3%F1%D6%F7%D3%EB%BD%A8%C9%E8%B3%F6%B0%E6%C9%E7&medium=01&category_path=01.00.00.00.00.00\" target=\"_blank\" dd_name=\"出版社\" style=\"margin: 0px; padding: 0px; text-decoration-line: none; color: rgb(26, 102, 179);\">民主与建设出版社</a></span><span class=\"t1\" style=\"margin: 0px; padding: 0px 25px 0px 0px; display: inline-block; color: rgb(100, 100, 100); font-family: Verdana, Simsun; font-size: 12px; background-color: rgb(255, 255, 255);\">出版时间:2018年07月&nbsp;</span>\n</p>\n<ul class=\"key clearfix list-paddingleft-2\" style=\"list-style-type: none;\">\n    <li>\n        <p>\n            开 本：16开\n        </p>\n    </li>\n    <li>\n        <p>\n            纸 张：胶版纸\n        </p>\n    </li>\n    <li>\n        <p>\n            包 装：精装\n        </p>\n    </li>\n    <li>\n        <p>\n            是否套装：否\n        </p>\n    </li>\n    <li>\n        <p>\n            国际标准书号ISBN：9787513920926\n        </p>\n    </li>\n</ul>\n<p>\n    <br/>\n</p>','goods/images/25283483-1_u_3.jpg',0,0,'2019-05-16 18:32:05.901824',14,62.59,'[美]林恩·H·尼古拉斯'),(30,'9787513921008','汗青堂丛书019·欧洲与没有历史的人',0,19,0,881,103.12,82.50,'文化人类学、政治经济学、后殖民和全球化论述诸领域的集大成之作 ','\n                <p>\n    <span class=\"t1\" id=\"author\" dd_name=\"作者\" ddt-area=\"002\" style=\"margin: 0px; padding: 0px 25px 0px 0px; display: inline-block; color: rgb(100, 100, 100); font-family: Verdana, Simsun; font-size: 12px; background-color: rgb(255, 255, 255);\">作者:著者：[美]<a href=\"http://search.dangdang.com/?key2=%B0%A3%C0%EF%BF%CB%A1%A4R.%CE%D6%B6%FB%B7%F2&medium=01&category_path=01.00.00.00.00.00\" target=\"_blank\" dd_name=\"作者\" style=\"margin: 0px; padding: 0px; text-decoration-line: none; color: rgb(26, 102, 179);\">埃里克·R.沃尔夫</a>(<a href=\"http://search.dangdang.com/?key2=Eric&medium=01&category_path=01.00.00.00.00.00\" target=\"_blank\" dd_name=\"作者\" style=\"margin: 0px; padding: 0px; text-decoration-line: none; color: rgb(26, 102, 179);\">Eric</a>&nbsp;R.&nbsp;<a href=\"http://search.dangdang.com/?key2=Wolf&medium=01&category_path=01.00.00.00.00.00\" target=\"_blank\" dd_name=\"作者\" style=\"margin: 0px; padding: 0px; text-decoration-line: none; color: rgb(26, 102, 179);\">Wolf</a>) 译者：<a href=\"http://search.dangdang.com/?key2=%BC%D6%CA%BF%DE%BF&medium=01&category_path=01.00.00.00.00.00\" target=\"_blank\" dd_name=\"作者\" style=\"margin: 0px; padding: 0px; text-decoration-line: none; color: rgb(26, 102, 179);\">贾士蘅</a>&nbsp;<a href=\"http://search.dangdang.com/?key2=%BA%F3%C0%CB&medium=01&category_path=01.00.00.00.00.00\" target=\"_blank\" dd_name=\"作者\" style=\"margin: 0px; padding: 0px; text-decoration-line: none; color: rgb(26, 102, 179);\">后浪</a></span><span class=\"t1\" dd_name=\"出版社\" ddt-area=\"003\" style=\"margin: 0px; padding: 0px 25px 0px 0px; display: inline-block; color: rgb(100, 100, 100); font-family: Verdana, Simsun; font-size: 12px; background-color: rgb(255, 255, 255);\">出版社:<a href=\"http://search.dangdang.com/?key3=%C3%F1%D6%F7%D3%EB%BD%A8%C9%E8%B3%F6%B0%E6%C9%E7&medium=01&category_path=01.00.00.00.00.00\" target=\"_blank\" dd_name=\"出版社\" style=\"margin: 0px; padding: 0px; text-decoration-line: none; color: rgb(26, 102, 179);\">民主与建设出版社</a></span><span class=\"t1\" style=\"margin: 0px; padding: 0px 25px 0px 0px; display: inline-block; color: rgb(100, 100, 100); font-family: Verdana, Simsun; font-size: 12px; background-color: rgb(255, 255, 255);\">出版时间:2018年08月&nbsp;</span>\n</p>\n<ul class=\"key clearfix list-paddingleft-2\" style=\"list-style-type: none;\">\n    <li>\n        <p>\n            开 本：16开\n        </p>\n    </li>\n    <li>\n        <p>\n            纸 张：胶版纸\n        </p>\n    </li>\n    <li>\n        <p>\n            包 装：精装\n        </p>\n    </li>\n    <li>\n        <p>\n            是否套装：否\n        </p>\n    </li>\n    <li>\n        <p>\n            国际标准书号ISBN：9787513921008\n        </p>\n    </li>\n</ul>\n<p>\n    <br/>\n</p>','goods/images/25301081-1_u_3.jpg',0,1,'2019-05-16 18:32:06.019831',14,62.47,'[美]埃里克·R.沃尔夫(Eric R. Wolf)'),(31,'9787532777914','译文纪实系列·鱼翅与花椒 著名主持人朱丹倾力推荐！',0,2,0,648,37.88,30.30,'每一道食物，都是一场冒险。舌尖上的记忆，他乡里的故乡。一个英国女孩充满酸甜苦辣的川菜情缘。《舌尖上的中国》总导演陈晓卿倾情推荐。人文社科联合书单&当当网联合发布“2018人文社科年度好书”。','\n                <p>\n    <span class=\"t1\" id=\"author\" dd_name=\"作者\" ddt-area=\"002\" style=\"margin: 0px; padding: 0px 25px 0px 0px; display: inline-block; color: rgb(100, 100, 100); font-family: Verdana, Simsun; font-size: 12px; background-color: rgb(255, 255, 255);\">作者:[英]<a href=\"http://search.dangdang.com/?key2=%B7%F6%CF%BC%A1%A4%B5%CB%C2%E5%C6%D5&medium=01&category_path=01.00.00.00.00.00\" target=\"_blank\" dd_name=\"作者\" style=\"margin: 0px; padding: 0px; text-decoration-line: none; color: rgb(26, 102, 179);\">扶霞·邓洛普</a>&nbsp;著&nbsp;<a href=\"http://search.dangdang.com/?key2=%BA%CE%D3%EA%E7%EC&medium=01&category_path=01.00.00.00.00.00\" target=\"_blank\" dd_name=\"作者\" style=\"margin: 0px; padding: 0px; text-decoration-line: none; color: rgb(26, 102, 179);\">何雨珈</a>&nbsp;译</span><span class=\"t1\" dd_name=\"出版社\" ddt-area=\"003\" style=\"margin: 0px; padding: 0px 25px 0px 0px; display: inline-block; color: rgb(100, 100, 100); font-family: Verdana, Simsun; font-size: 12px; background-color: rgb(255, 255, 255);\">出版社:<a href=\"http://search.dangdang.com/?key3=%C9%CF%BA%A3%D2%EB%CE%C4%B3%F6%B0%E6%C9%E7&medium=01&category_path=01.00.00.00.00.00\" target=\"_blank\" dd_name=\"出版社\" style=\"margin: 0px; padding: 0px; text-decoration-line: none; color: rgb(26, 102, 179);\">上海译文出版社</a></span><span class=\"t1\" style=\"margin: 0px; padding: 0px 25px 0px 0px; display: inline-block; color: rgb(100, 100, 100); font-family: Verdana, Simsun; font-size: 12px; background-color: rgb(255, 255, 255);\">出版时间:2018年07月&nbsp;</span>\n</p>\n<ul class=\"tab clearfix list-paddingleft-2\" style=\"list-style-type: none;\">\n    <li>\n        <p>\n            开 本：32开\n        </p>\n    </li>\n    <li>\n        <p>\n            纸 张：胶版纸\n        </p>\n    </li>\n    <li>\n        <p>\n            包 装：平装-胶订\n        </p>\n    </li>\n    <li>\n        <p>\n            是否套装：否\n        </p>\n    </li>\n    <li>\n        <p>\n            国际标准书号ISBN：9787532777914\n        </p>\n    </li>\n</ul>\n<p>\n    <br/>\n</p>','goods/images/25299386-1_u_2.jpg',0,0,'2019-05-16 18:32:06.383852',15,23.18,'[英]扶霞·邓洛普'),(32,'9787532752805','译文纪实系列·寻路中国——从乡村到工厂的自驾之旅',0,4,0,646,65.12,52.10,'【新老封面随机发货】中国纪实三部曲、《纽约客》专栏作家彼得·海斯勒（何伟）力作。何伟的笔下是真中国， 是连一些生活在中国的青年人都不知道或拒绝认识的中国','\n                <p>\n    <span class=\"t1\" id=\"author\" dd_name=\"作者\" ddt-area=\"002\" style=\"margin: 0px; padding: 0px 25px 0px 0px; display: inline-block; color: rgb(100, 100, 100); font-family: Verdana, Simsun; font-size: 12px; background-color: rgb(255, 255, 255);\">作者:[美]&nbsp;<a href=\"http://search.dangdang.com/?key2=%B1%CB%B5%C3%A1%A4%BA%A3%CB%B9%C0%D5&medium=01&category_path=01.00.00.00.00.00\" target=\"_blank\" dd_name=\"作者\" style=\"margin: 0px; padding: 0px; text-decoration-line: none; color: rgb(26, 102, 179);\">彼得·海斯勒</a>&nbsp;著，<a href=\"http://search.dangdang.com/?key2=%C0%EE%D1%A9%CB%B3&medium=01&category_path=01.00.00.00.00.00\" target=\"_blank\" dd_name=\"作者\" style=\"margin: 0px; padding: 0px; text-decoration-line: none; color: rgb(26, 102, 179);\">李雪顺</a>&nbsp;译</span><span class=\"t1\" dd_name=\"出版社\" ddt-area=\"003\" style=\"margin: 0px; padding: 0px 25px 0px 0px; display: inline-block; color: rgb(100, 100, 100); font-family: Verdana, Simsun; font-size: 12px; background-color: rgb(255, 255, 255);\">出版社:<a href=\"http://search.dangdang.com/?key3=%C9%CF%BA%A3%D2%EB%CE%C4%B3%F6%B0%E6%C9%E7&medium=01&category_path=01.00.00.00.00.00\" target=\"_blank\" dd_name=\"出版社\" style=\"margin: 0px; padding: 0px; text-decoration-line: none; color: rgb(26, 102, 179);\">上海译文出版社</a></span><span class=\"t1\" style=\"margin: 0px; padding: 0px 25px 0px 0px; display: inline-block; color: rgb(100, 100, 100); font-family: Verdana, Simsun; font-size: 12px; background-color: rgb(255, 255, 255);\">出版时间:2011年01月&nbsp;</span>\n</p>\n<ul class=\"key clearfix list-paddingleft-2\" style=\"list-style-type: none;\">\n    <li>\n        <p>\n            开 本：32开\n        </p>\n    </li>\n    <li>\n        <p>\n            纸 张：胶版纸\n        </p>\n    </li>\n    <li>\n        <p>\n            包 装：平装-胶订\n        </p>\n    </li>\n    <li>\n        <p>\n            是否套装：否\n        </p>\n    </li>\n    <li>\n        <p>\n            国际标准书号ISBN：9787532752805\n        </p>\n    </li>\n</ul>\n<p>\n    <br/>\n</p>','goods/images/26516198-1_u_3.jpg',0,0,'2019-05-16 18:32:06.477857',15,39.72,'[美] 彼得·海斯勒'),(33,'9787532780303','译文纪实系列·女人无名：20年追寻真相和正义之路',0,14,0,936,47.38,37.90,'一本不同凡响的回忆录。对于性侵经历的回忆，不仅需要勇气，更需要智慧','\n                <p>\n    <span class=\"t1\" id=\"author\" dd_name=\"作者\" ddt-area=\"002\" style=\"margin: 0px; padding: 0px 25px 0px 0px; display: inline-block; color: rgb(100, 100, 100); font-family: Verdana, Simsun; font-size: 12px; background-color: rgb(255, 255, 255);\">作者:[美]<a href=\"http://search.dangdang.com/?key2=%B0%AC%C3%D7%C0%F2%A1%A4%CE%C2%CB%B9%C2%E5&medium=01&category_path=01.00.00.00.00.00\" target=\"_blank\" dd_name=\"作者\" style=\"margin: 0px; padding: 0px; text-decoration-line: none; color: rgb(26, 102, 179);\">艾米莉·温斯洛</a>&nbsp;著，<a href=\"http://search.dangdang.com/?key2=%D0%EC%CF%FE%C0%F6&medium=01&category_path=01.00.00.00.00.00\" target=\"_blank\" dd_name=\"作者\" style=\"margin: 0px; padding: 0px; text-decoration-line: none; color: rgb(26, 102, 179);\">徐晓丽</a>&nbsp;译</span><span class=\"t1\" dd_name=\"出版社\" ddt-area=\"003\" style=\"margin: 0px; padding: 0px 25px 0px 0px; display: inline-block; color: rgb(100, 100, 100); font-family: Verdana, Simsun; font-size: 12px; background-color: rgb(255, 255, 255);\">出版社:<a href=\"http://search.dangdang.com/?key3=%C9%CF%BA%A3%D2%EB%CE%C4%B3%F6%B0%E6%C9%E7&medium=01&category_path=01.00.00.00.00.00\" target=\"_blank\" dd_name=\"出版社\" style=\"margin: 0px; padding: 0px; text-decoration-line: none; color: rgb(26, 102, 179);\">上海译文出版社</a></span><span class=\"t1\" style=\"margin: 0px; padding: 0px 25px 0px 0px; display: inline-block; color: rgb(100, 100, 100); font-family: Verdana, Simsun; font-size: 12px; background-color: rgb(255, 255, 255);\">出版时间:2019年04月&nbsp;</span>\n</p>\n<ul class=\"key clearfix list-paddingleft-2\" style=\"list-style-type: none;\">\n    <li>\n        <p>\n            开 本：32开\n        </p>\n    </li>\n    <li>\n        <p>\n            纸 张：胶版纸\n        </p>\n    </li>\n    <li>\n        <p>\n            包 装：平装-胶订\n        </p>\n    </li>\n    <li>\n        <p>\n            是否套装：否\n        </p>\n    </li>\n    <li>\n        <p>\n            国际标准书号ISBN：9787532780303\n        </p>\n    </li>\n</ul>\n<p>\n    <br/>\n</p>','goods/images/27848478-1_u_3.jpg',0,1,'2019-05-16 18:32:06.566862',15,28.61,'[美]艾米莉·温斯洛'),(34,'9787508696713','从丹药到枪炮',0,3,0,1197,63.75,51.00,'用火药烧出来的一本奇书。打通中国枪炮进化史，颠覆“鞭炮帝国”刻板印象。从皇权到共和，“玩火”是重点。刷新中国火药历史，讲透火药政治，说清火药经济、重现火药战争、细看火药技术，复盘当代中国的历... ','\n                <p>\n    <span class=\"t1\" id=\"author\" dd_name=\"作者\" ddt-area=\"002\" style=\"margin: 0px; padding: 0px 25px 0px 0px; display: inline-block; color: rgb(100, 100, 100); font-family: Verdana, Simsun; font-size: 12px; background-color: rgb(255, 255, 255);\">作者:［美］<a href=\"http://search.dangdang.com/?key2=%C5%B7%D1%F4%CC%A9&medium=01&category_path=01.00.00.00.00.00\" target=\"_blank\" dd_name=\"作者\" style=\"margin: 0px; padding: 0px; text-decoration-line: none; color: rgb(26, 102, 179);\">欧阳泰</a>（<a href=\"http://search.dangdang.com/?key2=Tonio&medium=01&category_path=01.00.00.00.00.00\" target=\"_blank\" dd_name=\"作者\" style=\"margin: 0px; padding: 0px; text-decoration-line: none; color: rgb(26, 102, 179);\">Tonio</a>&nbsp;<a href=\"http://search.dangdang.com/?key2=Andrade&medium=01&category_path=01.00.00.00.00.00\" target=\"_blank\" dd_name=\"作者\" style=\"margin: 0px; padding: 0px; text-decoration-line: none; color: rgb(26, 102, 179);\">Andrade</a>）</span><span class=\"t1\" dd_name=\"出版社\" ddt-area=\"003\" style=\"margin: 0px; padding: 0px 25px 0px 0px; display: inline-block; color: rgb(100, 100, 100); font-family: Verdana, Simsun; font-size: 12px; background-color: rgb(255, 255, 255);\">出版社:<a href=\"http://search.dangdang.com/?key3=%D6%D0%D0%C5%B3%F6%B0%E6%C9%E7&medium=01&category_path=01.00.00.00.00.00\" target=\"_blank\" dd_name=\"出版社\" style=\"margin: 0px; padding: 0px; text-decoration-line: none; color: rgb(26, 102, 179);\">中信出版社</a></span><span class=\"t1\" style=\"margin: 0px; padding: 0px 25px 0px 0px; display: inline-block; color: rgb(100, 100, 100); font-family: Verdana, Simsun; font-size: 12px; background-color: rgb(255, 255, 255);\">出版时间:2019年03月&nbsp;</span>\n</p>\n<ul class=\"key clearfix list-paddingleft-2\" style=\"list-style-type: none;\">\n    <li>\n        <p>\n            开 本：16开\n        </p>\n    </li>\n    <li>\n        <p>\n            纸 张：纯质纸\n        </p>\n    </li>\n    <li>\n        <p>\n            包 装：精装\n        </p>\n    </li>\n    <li>\n        <p>\n            是否套装：否\n        </p>\n    </li>\n    <li>\n        <p>\n            国际标准书号ISBN：9787508696713\n        </p>\n    </li>\n    <li>\n        <p>\n            丛书名：无\n        </p>\n    </li>\n</ul>\n<p>\n    <br/>\n</p>','goods/images/26510599-1_u_2.jpg',0,1,'2019-05-16 18:32:06.771874',16,38.20,'［美］欧阳泰（Tonio Andrade）'),(35,'9787508685847','见识丛书20：第五次开始',0,19,0,781,54.38,43.50,'“技术”让人类从动物界胜出，“文化”让人真正成为人，“农业”让人类从游猎走向定居，“国家”让文明打上不平等、暴力与战争的烙印，而今天，我们正处在第五次突变的临界点上，全新时代正在开启，我们如... ','\n                <p>\n    <span class=\"t1\" id=\"author\" dd_name=\"作者\" ddt-area=\"002\" style=\"margin: 0px; padding: 0px 25px 0px 0px; display: inline-block; color: rgb(100, 100, 100); font-family: Verdana, Simsun; font-size: 12px; background-color: rgb(255, 255, 255);\">作者:［美］<a href=\"http://search.dangdang.com/?key2=%C2%DE%B2%AE%CC%D8&medium=01&category_path=01.00.00.00.00.00\" target=\"_blank\" dd_name=\"作者\" style=\"margin: 0px; padding: 0px; text-decoration-line: none; color: rgb(26, 102, 179);\">罗伯特</a>?L.&nbsp;<a href=\"http://search.dangdang.com/?key2=%BF%AD%C0%FB&medium=01&category_path=01.00.00.00.00.00\" target=\"_blank\" dd_name=\"作者\" style=\"margin: 0px; padding: 0px; text-decoration-line: none; color: rgb(26, 102, 179);\">凯利</a>（<a href=\"http://search.dangdang.com/?key2=Robert&medium=01&category_path=01.00.00.00.00.00\" target=\"_blank\" dd_name=\"作者\" style=\"margin: 0px; padding: 0px; text-decoration-line: none; color: rgb(26, 102, 179);\">Robert</a>&nbsp;L.&nbsp;<a href=\"http://search.dangdang.com/?key2=Kelly&medium=01&category_path=01.00.00.00.00.00\" target=\"_blank\" dd_name=\"作者\" style=\"margin: 0px; padding: 0px; text-decoration-line: none; color: rgb(26, 102, 179);\">Kelly</a>）</span><span class=\"t1\" dd_name=\"出版社\" ddt-area=\"003\" style=\"margin: 0px; padding: 0px 25px 0px 0px; display: inline-block; color: rgb(100, 100, 100); font-family: Verdana, Simsun; font-size: 12px; background-color: rgb(255, 255, 255);\">出版社:<a href=\"http://search.dangdang.com/?key3=%D6%D0%D0%C5%B3%F6%B0%E6%C9%E7&medium=01&category_path=01.00.00.00.00.00\" target=\"_blank\" dd_name=\"出版社\" style=\"margin: 0px; padding: 0px; text-decoration-line: none; color: rgb(26, 102, 179);\">中信出版社</a></span><span class=\"t1\" style=\"margin: 0px; padding: 0px 25px 0px 0px; display: inline-block; color: rgb(100, 100, 100); font-family: Verdana, Simsun; font-size: 12px; background-color: rgb(255, 255, 255);\">出版时间:2018年07月</span>\n</p>\n<ul class=\"key clearfix list-paddingleft-2\" style=\"list-style-type: none;\">\n    <li>\n        <p>\n            开 本：32开\n        </p>\n    </li>\n    <li>\n        <p>\n            纸 张：纯质纸\n        </p>\n    </li>\n    <li>\n        <p>\n            包 装：精装\n        </p>\n    </li>\n    <li>\n        <p>\n            是否套装：否\n        </p>\n    </li>\n    <li>\n        <p>\n            国际标准书号ISBN：9787508685847\n        </p>\n    </li>\n</ul>\n<p>\n    <br/>\n</p>','goods/images/25298821-1_u_3.jpg',0,0,'2019-05-16 18:32:06.886881',16,32.97,'［美］罗伯特?L. 凯利（Robert L. Kelly）'),(36,'9787508675114',' 见识丛书·守夜人的钟声：我们时代的危机和出路',0,16,0,684,45.00,36.00,' ','\n                <p>\n    <span class=\"t1\" id=\"author\" dd_name=\"作者\" ddt-area=\"002\" style=\"margin: 0px; padding: 0px 25px 0px 0px; display: inline-block; color: rgb(100, 100, 100); font-family: Verdana, Simsun; font-size: 12px; background-color: rgb(255, 255, 255);\">作者:[美]<a href=\"http://search.dangdang.com/?key2=%C0%F6%B1%B4%BF%A8&medium=01&category_path=01.00.00.00.00.00\" target=\"_blank\" dd_name=\"作者\" style=\"margin: 0px; padding: 0px; text-decoration-line: none; color: rgb(26, 102, 179);\">丽贝卡</a>?D?<a href=\"http://search.dangdang.com/?key2=%BF%C6%CB%B9%CB%FE&medium=01&category_path=01.00.00.00.00.00\" target=\"_blank\" dd_name=\"作者\" style=\"margin: 0px; padding: 0px; text-decoration-line: none; color: rgb(26, 102, 179);\">科斯塔</a>（<a href=\"http://search.dangdang.com/?key2=Rebecca&medium=01&category_path=01.00.00.00.00.00\" target=\"_blank\" dd_name=\"作者\" style=\"margin: 0px; padding: 0px; text-decoration-line: none; color: rgb(26, 102, 179);\">Rebecca</a>&nbsp;D.&nbsp;<a href=\"http://search.dangdang.com/?key2=Costa&medium=01&category_path=01.00.00.00.00.00\" target=\"_blank\" dd_name=\"作者\" style=\"margin: 0px; padding: 0px; text-decoration-line: none; color: rgb(26, 102, 179);\">Costa</a>）</span><span class=\"t1\" dd_name=\"出版社\" ddt-area=\"003\" style=\"margin: 0px; padding: 0px 25px 0px 0px; display: inline-block; color: rgb(100, 100, 100); font-family: Verdana, Simsun; font-size: 12px; background-color: rgb(255, 255, 255);\">出版社:<a href=\"http://search.dangdang.com/?key3=%D6%D0%D0%C5%B3%F6%B0%E6%C9%E7&medium=01&category_path=01.00.00.00.00.00\" target=\"_blank\" dd_name=\"出版社\" style=\"margin: 0px; padding: 0px; text-decoration-line: none; color: rgb(26, 102, 179);\">中信出版社</a></span><span class=\"t1\" style=\"margin: 0px; padding: 0px 25px 0px 0px; display: inline-block; color: rgb(100, 100, 100); font-family: Verdana, Simsun; font-size: 12px; background-color: rgb(255, 255, 255);\">出版时间:2017年09月</span>\n</p>\n<ul class=\"key clearfix list-paddingleft-2\" style=\"list-style-type: none;\">\n    <li>\n        <p>\n            开 本：16开\n        </p>\n    </li>\n    <li>\n        <p>\n            纸 张：纯质纸\n        </p>\n    </li>\n    <li>\n        <p>\n            包 装：精装\n        </p>\n    </li>\n    <li>\n        <p>\n            是否套装：否\n        </p>\n    </li>\n    <li>\n        <p>\n            国际标准书号ISBN：9787508675114\n        </p>\n    </li>\n</ul>\n<p>\n    <br/>\n</p>','goods/images/25154036-1_u_3.jpg',0,0,'2019-05-16 18:32:07.104893',16,27.37,'[美]丽贝卡?D?科斯塔（Rebecca D. Costa）'),(37,'9787556421930','终身学习：10个你必须掌握的未来生存法则',0,22,0,728,50.62,40.50,'全民热议话题。巴菲特、蒂姆·库克、俞敏洪、雷军、小马宋等大佬都在倡导终身学习。世界知名企业指定培训教材，深受欢迎的终身学习课程。《原则》的精华版。你愿意吃生活的苦，还是学习的苦','\n                <p>\n    <span class=\"t1\" id=\"author\" dd_name=\"作者\" ddt-area=\"002\" style=\"margin: 0px; padding: 0px 25px 0px 0px; display: inline-block; color: rgb(100, 100, 100); font-family: Verdana, Simsun; font-size: 12px; background-color: rgb(255, 255, 255);\">作者:【美】<a href=\"http://search.dangdang.com/?key2=%B5%A4%A1%A4%CB%D5%C0%FB%CE%C4&medium=01&category_path=01.00.00.00.00.00\" target=\"_blank\" dd_name=\"作者\" style=\"margin: 0px; padding: 0px; text-decoration-line: none; color: rgb(26, 102, 179);\">丹·苏利文</a>&nbsp;【加】<a href=\"http://search.dangdang.com/?key2=%BF%AD%C9%AA%C1%D5%A1%A4%D2%B0%B4%E5&medium=01&category_path=01.00.00.00.00.00\" target=\"_blank\" dd_name=\"作者\" style=\"margin: 0px; padding: 0px; text-decoration-line: none; color: rgb(26, 102, 179);\">凯瑟琳·野村</a>&nbsp;<a href=\"http://search.dangdang.com/?key2=%CE%E2%B9%FB%BD%F5&medium=01&category_path=01.00.00.00.00.00\" target=\"_blank\" dd_name=\"作者\" style=\"margin: 0px; padding: 0px; text-decoration-line: none; color: rgb(26, 102, 179);\">吴果锦</a>&nbsp;译&nbsp;<a href=\"http://search.dangdang.com/?key2=%CA%B1%B4%FA%BB%AA%D3%EF&medium=01&category_path=01.00.00.00.00.00\" target=\"_blank\" dd_name=\"作者\" style=\"margin: 0px; padding: 0px; text-decoration-line: none; color: rgb(26, 102, 179);\">时代华语</a>&nbsp;出品</span><span class=\"t1\" dd_name=\"出版社\" ddt-area=\"003\" style=\"margin: 0px; padding: 0px 25px 0px 0px; display: inline-block; color: rgb(100, 100, 100); font-family: Verdana, Simsun; font-size: 12px; background-color: rgb(255, 255, 255);\">出版社:<a href=\"http://search.dangdang.com/?key3=%BA%FE%B1%B1%BD%CC%D3%FD%B3%F6%B0%E6%C9%E7&medium=01&category_path=01.00.00.00.00.00\" target=\"_blank\" dd_name=\"出版社\" style=\"margin: 0px; padding: 0px; text-decoration-line: none; color: rgb(26, 102, 179);\">湖北教育出版社</a></span><span class=\"t1\" style=\"margin: 0px; padding: 0px 25px 0px 0px; display: inline-block; color: rgb(100, 100, 100); font-family: Verdana, Simsun; font-size: 12px; background-color: rgb(255, 255, 255);\">出版时间:2018年05月&nbsp;</span>\n</p>\n<ul class=\"key clearfix list-paddingleft-2\" style=\"list-style-type: none;\">\n    <li>\n        <p>\n            开 本：32开\n        </p>\n    </li>\n    <li>\n        <p>\n            纸 张：胶版纸\n        </p>\n    </li>\n    <li>\n        <p>\n            包 装：平装-胶订\n        </p>\n    </li>\n    <li>\n        <p>\n            是否套装：否\n        </p>\n    </li>\n    <li>\n        <p>\n            国际标准书号ISBN：9787556421930\n        </p>\n    </li>\n</ul>\n<p>\n    <br/>\n</p>','goods/images/25263837-1_u_3.jpg',0,0,'2019-05-16 18:32:07.221900',18,30.75,'【美】丹·苏利文 '),(38,'9787508663326','穷查理宝典：查理·芒格智慧箴言录（增订本）',0,13,0,887,126.00,100.80,'他是巴菲特的导师与人生合伙人，他是当今伟大的投资思想家！巴菲特推崇的10本书之一！理解商业社会、认识成功本质必读的10本书之一','\n                <p>\n    <span class=\"t1\" id=\"author\" dd_name=\"作者\" ddt-area=\"002\" style=\"margin: 0px; padding: 0px 25px 0px 0px; display: inline-block; color: rgb(100, 100, 100); font-family: Verdana, Simsun; font-size: 12px; background-color: rgb(255, 255, 255);\">作者:[美]&nbsp;<a href=\"http://search.dangdang.com/?key2=%B1%CB%B5%C3&medium=01&category_path=01.00.00.00.00.00\" target=\"_blank\" dd_name=\"作者\" style=\"margin: 0px; padding: 0px; text-decoration-line: none; color: rgb(26, 102, 179);\">彼得</a>&nbsp;?&nbsp;<a href=\"http://search.dangdang.com/?key2=%BF%BC%B7%F2%C2%FC&medium=01&category_path=01.00.00.00.00.00\" target=\"_blank\" dd_name=\"作者\" style=\"margin: 0px; padding: 0px; text-decoration-line: none; color: rgb(26, 102, 179);\">考夫曼</a>&nbsp;| 编&nbsp;<a href=\"http://search.dangdang.com/?key2=%C0%EE%BC%CC%BA%EA&medium=01&category_path=01.00.00.00.00.00\" target=\"_blank\" dd_name=\"作者\" style=\"margin: 0px; padding: 0px; text-decoration-line: none; color: rgb(26, 102, 179);\">李继宏</a>&nbsp;译</span><span class=\"t1\" dd_name=\"出版社\" ddt-area=\"003\" style=\"margin: 0px; padding: 0px 25px 0px 0px; display: inline-block; color: rgb(100, 100, 100); font-family: Verdana, Simsun; font-size: 12px; background-color: rgb(255, 255, 255);\">出版社:<a href=\"http://search.dangdang.com/?key3=%D6%D0%D0%C5%B3%F6%B0%E6%C9%E7&medium=01&category_path=01.00.00.00.00.00\" target=\"_blank\" dd_name=\"出版社\" style=\"margin: 0px; padding: 0px; text-decoration-line: none; color: rgb(26, 102, 179);\">中信出版社</a></span><span class=\"t1\" style=\"margin: 0px; padding: 0px 25px 0px 0px; display: inline-block; color: rgb(100, 100, 100); font-family: Verdana, Simsun; font-size: 12px; background-color: rgb(255, 255, 255);\">出版时间:2016年08月&nbsp;</span>\n</p>\n<ul class=\"key clearfix list-paddingleft-2\" style=\"list-style-type: none;\">\n    <li>\n        <p>\n            开 本：16开\n        </p>\n    </li>\n    <li>\n        <p>\n            纸 张：铜版纸\n        </p>\n    </li>\n    <li>\n        <p>\n            包 装：精装\n        </p>\n    </li>\n    <li>\n        <p>\n            是否套装：否\n        </p>\n    </li>\n    <li>\n        <p>\n            国际标准书号ISBN：9787508663326\n        </p>\n    </li>\n</ul>\n<p>\n    <br/>\n</p>','goods/images/24002578-1_u_18.jpg',0,0,'2019-05-16 18:32:07.329906',18,76.04,'[美] 彼得 ? 考夫曼'),(39,'9787515342641','学习之道：美国公认经典学习书',0,8,0,590,34.62,27.70,'（《罗辑思维》罗振宇、果壳网创始人姬十三推荐；这是在各领域都可成功的学习方法，这是各类人都适用的终身深入学习法）','\n                <p>\n    <span class=\"t1\" id=\"author\" dd_name=\"作者\" ddt-area=\"002\" style=\"margin: 0px; padding: 0px 25px 0px 0px; display: inline-block; color: rgb(100, 100, 100); font-family: Verdana, Simsun; font-size: 12px; background-color: rgb(255, 255, 255);\">作者:（美)&nbsp;<a href=\"http://search.dangdang.com/?key2=%C7%C7%CF%A3%A1%A4%CE%AC%B4%C4%BD%F0&medium=01&category_path=01.00.00.00.00.00\" target=\"_blank\" dd_name=\"作者\" style=\"margin: 0px; padding: 0px; text-decoration-line: none; color: rgb(26, 102, 179);\">乔希·维茨金</a>&nbsp;著，<a href=\"http://search.dangdang.com/?key2=%CB%D5%BA%E8%D1%E3&medium=01&category_path=01.00.00.00.00.00\" target=\"_blank\" dd_name=\"作者\" style=\"margin: 0px; padding: 0px; text-decoration-line: none; color: rgb(26, 102, 179);\">苏鸿雁</a>，<a href=\"http://search.dangdang.com/?key2=%D0%BB%BE%A9%D0%E3&medium=01&category_path=01.00.00.00.00.00\" target=\"_blank\" dd_name=\"作者\" style=\"margin: 0px; padding: 0px; text-decoration-line: none; color: rgb(26, 102, 179);\">谢京秀</a>&nbsp;译</span><span class=\"t1\" dd_name=\"出版社\" ddt-area=\"003\" style=\"margin: 0px; padding: 0px 25px 0px 0px; display: inline-block; color: rgb(100, 100, 100); font-family: Verdana, Simsun; font-size: 12px; background-color: rgb(255, 255, 255);\">出版社:<a href=\"http://search.dangdang.com/?key3=%D6%D0%B9%FA%C7%E0%C4%EA%B3%F6%B0%E6%C9%E7&medium=01&category_path=01.00.00.00.00.00\" target=\"_blank\" dd_name=\"出版社\" style=\"margin: 0px; padding: 0px; text-decoration-line: none; color: rgb(26, 102, 179);\">中国青年出版社</a></span><span class=\"t1\" style=\"margin: 0px; padding: 0px 25px 0px 0px; display: inline-block; color: rgb(100, 100, 100); font-family: Verdana, Simsun; font-size: 12px; background-color: rgb(255, 255, 255);\">出版时间:2017年05月</span>\n</p>\n<ul class=\"key clearfix list-paddingleft-2\" style=\"list-style-type: none;\">\n    <li>\n        <p>\n            开 本：16开\n        </p>\n    </li>\n    <li>\n        <p>\n            纸 张：纯质纸\n        </p>\n    </li>\n    <li>\n        <p>\n            包 装：平装-胶订\n        </p>\n    </li>\n    <li>\n        <p>\n            是否套装：否\n        </p>\n    </li>\n    <li>\n        <p>\n            国际标准书号ISBN：9787515342641\n        </p>\n    </li>\n</ul>\n<p>\n    <br/>\n</p>','goods/images/25073421-1_u_7.jpg',0,0,'2019-05-16 18:32:07.417911',18,21.16,'（美) 乔希·维茨金 '),(40,'9787540475017','遇见未知的自己（全新修订版）',0,16,0,534,32.75,26.20,'杨幂再度推荐！美好的事物会因为我们有意识的选择而发生。华语世界深具影响力身心灵作家张德芬代表作，畅销逾500万册','\n                <p>\n    <span class=\"t1\" id=\"author\" dd_name=\"作者\" ddt-area=\"002\" style=\"margin: 0px; padding: 0px 25px 0px 0px; display: inline-block; color: rgb(100, 100, 100); font-family: Verdana, Simsun; font-size: 12px; background-color: rgb(255, 255, 255);\">作者:<a href=\"http://search.dangdang.com/?key2=%D5%C5%B5%C2%B7%D2&medium=01&category_path=01.00.00.00.00.00\" target=\"_blank\" dd_name=\"作者\" style=\"margin: 0px; padding: 0px; text-decoration-line: none; color: rgb(26, 102, 179);\">张德芬</a>&nbsp;著，<a href=\"http://search.dangdang.com/?key2=%B2%A9%BC%AF%CC%EC%BE%ED&medium=01&category_path=01.00.00.00.00.00\" target=\"_blank\" dd_name=\"作者\" style=\"margin: 0px; padding: 0px; text-decoration-line: none; color: rgb(26, 102, 179);\">博集天卷</a>&nbsp;出品</span><span class=\"t1\" dd_name=\"出版社\" ddt-area=\"003\" style=\"margin: 0px; padding: 0px 25px 0px 0px; display: inline-block; color: rgb(100, 100, 100); font-family: Verdana, Simsun; font-size: 12px; background-color: rgb(255, 255, 255);\">出版社:<a href=\"http://search.dangdang.com/?key3=%BA%FE%C4%CF%CE%C4%D2%D5%B3%F6%B0%E6%C9%E7&medium=01&category_path=01.00.00.00.00.00\" target=\"_blank\" dd_name=\"出版社\" style=\"margin: 0px; padding: 0px; text-decoration-line: none; color: rgb(26, 102, 179);\">湖南文艺出版社</a></span><span class=\"t1\" style=\"margin: 0px; padding: 0px 25px 0px 0px; display: inline-block; color: rgb(100, 100, 100); font-family: Verdana, Simsun; font-size: 12px; background-color: rgb(255, 255, 255);\">出版时间:2016年04月&nbsp;</span>\n</p>\n<ul class=\"key clearfix list-paddingleft-2\" style=\"list-style-type: none;\">\n    <li>\n        <p>\n            开 本：32开\n        </p>\n    </li>\n    <li>\n        <p>\n            纸 张：胶版纸\n        </p>\n    </li>\n    <li>\n        <p>\n            包 装：平装-胶订\n        </p>\n    </li>\n    <li>\n        <p>\n            是否套装：否\n        </p>\n    </li>\n    <li>\n        <p>\n            国际标准书号ISBN：9787540475017\n        </p>\n    </li>\n</ul>\n<p>\n    <br/>\n</p>','goods/images/23927251-1_u_14.jpg',0,0,'2019-05-16 18:32:07.511916',19,20.11,'张德芬'),(41,'9787550293601','自我关怀——让生命强大的必经之路',0,9,0,741,24.88,19.90,'当下备受推崇的成功人士心理自助指南！比亲密关系更重要的是自我关怀，把自己照顾好，才是你对这个世界的ZUI大贡献。国际心理学权威哈佛导师克里斯托弗·肯·杰默博士、《不完美，才美》作者海蓝博士真诚推荐','\n                <p>\n    <span class=\"t1\" id=\"author\" dd_name=\"作者\" ddt-area=\"002\" style=\"margin: 0px; padding: 0px 25px 0px 0px; display: inline-block; color: rgb(100, 100, 100); font-family: Verdana, Simsun; font-size: 12px; background-color: rgb(255, 255, 255);\">作者:[德]<a href=\"http://search.dangdang.com/?key2=%BF%CB%C0%EF%CB%B9%CD%A1%C4%C8%A1%A4%B2%BC%C0%B3%C0%D5&medium=01&category_path=01.00.00.00.00.00\" target=\"_blank\" dd_name=\"作者\" style=\"margin: 0px; padding: 0px; text-decoration-line: none; color: rgb(26, 102, 179);\">克里斯汀娜·布莱勒</a></span><span class=\"t1\" dd_name=\"出版社\" ddt-area=\"003\" style=\"margin: 0px; padding: 0px 25px 0px 0px; display: inline-block; color: rgb(100, 100, 100); font-family: Verdana, Simsun; font-size: 12px; background-color: rgb(255, 255, 255);\">出版社:<a href=\"http://search.dangdang.com/?key3=%B1%B1%BE%A9%C1%AA%BA%CF%B3%F6%B0%E6%B9%AB%CB%BE&medium=01&category_path=01.00.00.00.00.00\" target=\"_blank\" dd_name=\"出版社\" style=\"margin: 0px; padding: 0px; text-decoration-line: none; color: rgb(26, 102, 179);\">北京联合出版公司</a></span><span class=\"t1\" style=\"margin: 0px; padding: 0px 25px 0px 0px; display: inline-block; color: rgb(100, 100, 100); font-family: Verdana, Simsun; font-size: 12px; background-color: rgb(255, 255, 255);\">出版时间:2017年01月</span>\n</p>\n<ul class=\"key clearfix list-paddingleft-2\" style=\"list-style-type: none;\">\n    <li>\n        <p>\n            开 本：32开\n        </p>\n    </li>\n    <li>\n        <p>\n            纸 张：胶版纸\n        </p>\n    </li>\n    <li>\n        <p>\n            包 装：平装-胶订\n        </p>\n    </li>\n    <li>\n        <p>\n            是否套装：否\n        </p>\n    </li>\n    <li>\n        <p>\n            国际标准书号ISBN：9787550293601\n        </p>\n    </li>\n</ul>\n<p>\n    <br/>\n</p>','goods/images/24171918-1_u_4.jpg',0,0,'2019-05-16 18:32:07.673926',19,15.10,'[德]克里斯汀娜·布莱勒'),(42,'9787544255905','生命的重建(30种语言全球畅销3500万册)',0,11,0,989,22.50,18.00,' ','\n                <p>\n    <span class=\"t1\" id=\"author\" dd_name=\"作者\" ddt-area=\"002\" style=\"margin: 0px; padding: 0px 25px 0px 0px; display: inline-block; color: rgb(100, 100, 100); font-family: Verdana, Simsun; font-size: 12px; background-color: rgb(255, 255, 255);\">作者:(美)<a href=\"http://search.dangdang.com/?key2=%C2%B6%D2%D7%CB%BF&medium=01&category_path=01.00.00.00.00.00\" target=\"_blank\" dd_name=\"作者\" style=\"margin: 0px; padding: 0px; text-decoration-line: none; color: rgb(26, 102, 179);\">露易丝</a>？海</span><span class=\"t1\" dd_name=\"出版社\" ddt-area=\"003\" style=\"margin: 0px; padding: 0px 25px 0px 0px; display: inline-block; color: rgb(100, 100, 100); font-family: Verdana, Simsun; font-size: 12px; background-color: rgb(255, 255, 255);\">出版社:<a href=\"http://search.dangdang.com/?key3=%C4%CF%BA%A3%B3%F6%B0%E6%B9%AB%CB%BE&medium=01&category_path=01.00.00.00.00.00\" target=\"_blank\" dd_name=\"出版社\" style=\"margin: 0px; padding: 0px; text-decoration-line: none; color: rgb(26, 102, 179);\">南海出版公司</a></span><span class=\"t1\" style=\"margin: 0px; padding: 0px 25px 0px 0px; display: inline-block; color: rgb(100, 100, 100); font-family: Verdana, Simsun; font-size: 12px; background-color: rgb(255, 255, 255);\">出版时间:2011年10月&nbsp;</span>\n</p>\n<ul class=\"key clearfix list-paddingleft-2\" style=\"list-style-type: none;\">\n    <li>\n        <p>\n            开 本：16开\n        </p>\n    </li>\n    <li>\n        <p>\n            纸 张：胶版纸\n        </p>\n    </li>\n    <li>\n        <p>\n            包 装：平装\n        </p>\n    </li>\n    <li>\n        <p>\n            是否套装：否\n        </p>\n    </li>\n    <li>\n        <p>\n            国际标准书号ISBN：9787544255905\n        </p>\n    </li>\n</ul>\n<p>\n    <br/>\n</p>','goods/images/22517159-1_u_2.jpg',0,0,'2019-05-16 18:32:07.761931',19,13.59,'(美)露易丝'),(43,'9787201088822','人性的弱点',0,6,0,894,20.00,16.00,'译自1937年初版，还原卡耐基38篇原始手稿，特别收录市面罕见的《创造奇迹的信》及《幸福家庭生活的七个法则》，全球第二大畅销书，销量仅次于《圣经》。被视为社交心理和沟通技巧的至高宝典。','\n                <p>\n    <span class=\"t1\" id=\"author\" dd_name=\"作者\" ddt-area=\"002\" style=\"margin: 0px; padding: 0px 25px 0px 0px; display: inline-block; color: rgb(100, 100, 100); font-family: Verdana, Simsun; font-size: 12px; background-color: rgb(255, 255, 255);\">作者:<a href=\"http://search.dangdang.com/?key2=%B4%F7%B6%FB%A1%A4%BF%A8%C4%CD%BB%F9&medium=01&category_path=01.00.00.00.00.00\" target=\"_blank\" dd_name=\"作者\" style=\"margin: 0px; padding: 0px; text-decoration-line: none; color: rgb(26, 102, 179);\">戴尔·卡耐基</a>&nbsp;著，<a href=\"http://search.dangdang.com/?key2=%CC%D5%95%E4&medium=01&category_path=01.00.00.00.00.00\" target=\"_blank\" dd_name=\"作者\" style=\"margin: 0px; padding: 0px; text-decoration-line: none; color: rgb(26, 102, 179);\">陶曚</a>&nbsp;译，<a href=\"http://search.dangdang.com/?key2=%B9%FB%C2%F3%CE%C4%BB%AF&medium=01&category_path=01.00.00.00.00.00\" target=\"_blank\" dd_name=\"作者\" style=\"margin: 0px; padding: 0px; text-decoration-line: none; color: rgb(26, 102, 179);\">果麦文化</a>&nbsp;出品</span><span class=\"t1\" dd_name=\"出版社\" ddt-area=\"003\" style=\"margin: 0px; padding: 0px 25px 0px 0px; display: inline-block; color: rgb(100, 100, 100); font-family: Verdana, Simsun; font-size: 12px; background-color: rgb(255, 255, 255);\">出版社:<a href=\"http://search.dangdang.com/?key3=%CC%EC%BD%F2%C8%CB%C3%F1%B3%F6%B0%E6%C9%E7&medium=01&category_path=01.00.00.00.00.00\" target=\"_blank\" dd_name=\"出版社\" style=\"margin: 0px; padding: 0px; text-decoration-line: none; color: rgb(26, 102, 179);\">天津人民出版社</a></span><span class=\"t1\" style=\"margin: 0px; padding: 0px 25px 0px 0px; display: inline-block; color: rgb(100, 100, 100); font-family: Verdana, Simsun; font-size: 12px; background-color: rgb(255, 255, 255);\">出版时间:2014年09月&nbsp;</span>\n</p>\n<ul class=\"key clearfix list-paddingleft-2\" style=\"list-style-type: none;\">\n    <li>\n        <p>\n            开 本：32开\n        </p>\n    </li>\n    <li>\n        <p>\n            纸 张：胶版纸\n        </p>\n    </li>\n    <li>\n        <p>\n            包 装：平装-胶订\n        </p>\n    </li>\n    <li>\n        <p>\n            是否套装：否\n        </p>\n    </li>\n    <li>\n        <p>\n            国际标准书号ISBN：9787201088822\n        </p>\n    </li>\n</ul>\n<p>\n    <br/>\n</p>','goods/images/23566280-1_u_4.jpg',0,0,'2019-05-16 18:32:07.874937',20,12.13,'戴尔·卡耐基 '),(44,'9787504481696','少有人走的路：心智成熟的旅程(最新白金升级版）',0,7,0,993,28.25,22.60,' ','\n                <p>\n    <span class=\"t1\" id=\"author\" dd_name=\"作者\" ddt-area=\"002\" style=\"margin: 0px; padding: 0px 25px 0px 0px; display: inline-block; color: rgb(100, 100, 100); font-family: Verdana, Simsun; font-size: 12px; background-color: rgb(255, 255, 255);\">作者:(美)<a href=\"http://search.dangdang.com/?key2=%C5%C9%BF%CB&medium=01&category_path=01.00.00.00.00.00\" target=\"_blank\" dd_name=\"作者\" style=\"margin: 0px; padding: 0px; text-decoration-line: none; color: rgb(26, 102, 179);\">派克</a></span><span class=\"t1\" dd_name=\"出版社\" ddt-area=\"003\" style=\"margin: 0px; padding: 0px 25px 0px 0px; display: inline-block; color: rgb(100, 100, 100); font-family: Verdana, Simsun; font-size: 12px; background-color: rgb(255, 255, 255);\">出版社:<a href=\"http://search.dangdang.com/?key3=%D6%D0%B9%FA%C9%CC%D2%B5%B3%F6%B0%E6%C9%E7&medium=01&category_path=01.00.00.00.00.00\" target=\"_blank\" dd_name=\"出版社\" style=\"margin: 0px; padding: 0px; text-decoration-line: none; color: rgb(26, 102, 179);\">中国商业出版社</a></span><span class=\"t1\" style=\"margin: 0px; padding: 0px 25px 0px 0px; display: inline-block; color: rgb(100, 100, 100); font-family: Verdana, Simsun; font-size: 12px; background-color: rgb(255, 255, 255);\">出版时间:2013年10月&nbsp;</span>\n</p>\n<ul class=\"key clearfix list-paddingleft-2\" style=\"list-style-type: none;\">\n    <li>\n        <p>\n            开 本：16开\n        </p>\n    </li>\n    <li>\n        <p>\n            纸 张：胶版纸\n        </p>\n    </li>\n    <li>\n        <p>\n            包 装：平装\n        </p>\n    </li>\n    <li>\n        <p>\n            是否套装：否\n        </p>\n    </li>\n    <li>\n        <p>\n            国际标准书号ISBN：9787504481696\n        </p>\n    </li>\n</ul>\n<p>\n    <br/>\n</p>','goods/images/23340261-1_u_3.jpg',0,0,'2019-05-16 18:32:07.960942',20,17.05,'(美)派克'),(45,'9787807639817','断舍离',0,8,0,442,20.00,16.00,'经典“断舍离”！山下英子初版《断舍离》全本，未经删节和修改，入选2014年中国年度十大流行语。简体中文版累计销量超过100万册！全民热议实践不断的人生整理术','\n                <p>\n    <span class=\"t1\" id=\"author\" dd_name=\"作者\" ddt-area=\"002\" style=\"margin: 0px; padding: 0px 25px 0px 0px; display: inline-block; color: rgb(100, 100, 100); font-family: Verdana, Simsun; font-size: 12px; background-color: rgb(255, 255, 255);\">作者:(日)<a href=\"http://search.dangdang.com/?key2=%C9%BD%CF%C2%D3%A2%D7%D3&medium=01&category_path=01.00.00.00.00.00\" target=\"_blank\" dd_name=\"作者\" style=\"margin: 0px; padding: 0px; text-decoration-line: none; color: rgb(26, 102, 179);\">山下英子</a></span><span class=\"t1\" dd_name=\"出版社\" ddt-area=\"003\" style=\"margin: 0px; padding: 0px 25px 0px 0px; display: inline-block; color: rgb(100, 100, 100); font-family: Verdana, Simsun; font-size: 12px; background-color: rgb(255, 255, 255);\">出版社:<a href=\"http://search.dangdang.com/?key3=%B9%E3%CE%F7%BF%C6%D1%A7%BC%BC%CA%F5%B3%F6%B0%E6%C9%E7&medium=01&category_path=01.00.00.00.00.00\" target=\"_blank\" dd_name=\"出版社\" style=\"margin: 0px; padding: 0px; text-decoration-line: none; color: rgb(26, 102, 179);\">广西科学技术出版社</a></span><span class=\"t1\" style=\"margin: 0px; padding: 0px 25px 0px 0px; display: inline-block; color: rgb(100, 100, 100); font-family: Verdana, Simsun; font-size: 12px; background-color: rgb(255, 255, 255);\">出版时间:2013年07月&nbsp;</span>\n</p>\n<ul class=\"key clearfix list-paddingleft-2\" style=\"list-style-type: none;\">\n    <li>\n        <p>\n            开 本：32开\n        </p>\n    </li>\n    <li>\n        <p>\n            纸 张：胶版纸\n        </p>\n    </li>\n    <li>\n        <p>\n            包 装：平装-胶订\n        </p>\n    </li>\n    <li>\n        <p>\n            是否套装：否\n        </p>\n    </li>\n    <li>\n        <p>\n            国际标准书号ISBN：9787807639817\n        </p>\n    </li>\n</ul>\n<p>\n    <br/>\n</p>','goods/images/23271503-1_u_7.jpg',0,0,'2019-05-16 18:32:08.217957',20,12.35,'(日)山下英子'),(46,'9787505740716','正向领导：好管理就是激活团队正能量',0,25,0,625,28.12,22.50,'通用电气、美国国家城市银行、苹果、华为等企业热捧的领导理念。美国罗斯商学院副院长的全新力作','\n                <p>\n    <span class=\"t1\" id=\"author\" dd_name=\"作者\" ddt-area=\"002\" style=\"margin: 0px; padding: 0px 25px 0px 0px; display: inline-block; color: rgb(100, 100, 100); font-family: Verdana, Simsun; font-size: 12px; background-color: rgb(255, 255, 255);\">作者:(美)&nbsp;<a href=\"http://search.dangdang.com/?key2=%BD%F0%A1%A4%BF%A8%C3%B7%C2%A1&medium=01&category_path=01.00.00.00.00.00\" target=\"_blank\" dd_name=\"作者\" style=\"margin: 0px; padding: 0px; text-decoration-line: none; color: rgb(26, 102, 179);\">金·卡梅隆</a>&nbsp;著，<a href=\"http://search.dangdang.com/?key2=%CC%D5%C9%D0%DC%BF&medium=01&category_path=01.00.00.00.00.00\" target=\"_blank\" dd_name=\"作者\" style=\"margin: 0px; padding: 0px; text-decoration-line: none; color: rgb(26, 102, 179);\">陶尚芸</a>&nbsp;译</span><span class=\"t1\" dd_name=\"出版社\" ddt-area=\"003\" style=\"margin: 0px; padding: 0px 25px 0px 0px; display: inline-block; color: rgb(100, 100, 100); font-family: Verdana, Simsun; font-size: 12px; background-color: rgb(255, 255, 255);\">出版社:<a href=\"http://search.dangdang.com/?key3=%D6%D0%B9%FA%D3%D1%D2%EA%B3%F6%B0%E6%B9%AB%CB%BE&medium=01&category_path=01.00.00.00.00.00\" target=\"_blank\" dd_name=\"出版社\" style=\"margin: 0px; padding: 0px; text-decoration-line: none; color: rgb(26, 102, 179);\">中国友谊出版公司</a></span><span class=\"t1\" style=\"margin: 0px; padding: 0px 25px 0px 0px; display: inline-block; color: rgb(100, 100, 100); font-family: Verdana, Simsun; font-size: 12px; background-color: rgb(255, 255, 255);\">出版时间:2017年08月</span>\n</p>\n<ul class=\"key clearfix list-paddingleft-2\" style=\"list-style-type: none;\">\n    <li>\n        <p>\n            开 本：16开\n        </p>\n    </li>\n    <li>\n        <p>\n            纸 张：轻型纸\n        </p>\n    </li>\n    <li>\n        <p>\n            包 装：平装-胶订\n        </p>\n    </li>\n    <li>\n        <p>\n            是否套装：否\n        </p>\n    </li>\n    <li>\n        <p>\n            国际标准书号ISBN：9787505740716\n        </p>\n    </li>\n</ul>\n<p>\n    <br/>\n</p>','goods/images/25111087-1_u_3.jpg',0,0,'2019-05-16 18:32:08.310962',21,17.25,'(美) 金·卡梅隆'),(47,'9787505740723','合作式思维：有效掌控、激活群体智慧，轻松提高团队效率！',0,14,0,936,28.12,22.50,'10大步骤，打造合作型组织，让你的团队在分享经济时代脱颖而出！','\n                <p>\n    <span class=\"t1\" id=\"author\" dd_name=\"作者\" ddt-area=\"002\" style=\"margin: 0px; padding: 0px 25px 0px 0px; display: inline-block; color: rgb(100, 100, 100); font-family: Verdana, Simsun; font-size: 12px; background-color: rgb(255, 255, 255);\">作者:(加)&nbsp;<a href=\"http://search.dangdang.com/?key2=%B4%F3%CE%C0%A1%A4%C8%F8%CE%AC%C6%E6&medium=01&category_path=01.00.00.00.00.00\" target=\"_blank\" dd_name=\"作者\" style=\"margin: 0px; padding: 0px; text-decoration-line: none; color: rgb(26, 102, 179);\">大卫·萨维奇</a>&nbsp;著，<a href=\"http://search.dangdang.com/?key2=%D0%C5%C8%CE&medium=01&category_path=01.00.00.00.00.00\" target=\"_blank\" dd_name=\"作者\" style=\"margin: 0px; padding: 0px; text-decoration-line: none; color: rgb(26, 102, 179);\">信任</a>&nbsp;译</span><span class=\"t1\" dd_name=\"出版社\" ddt-area=\"003\" style=\"margin: 0px; padding: 0px 25px 0px 0px; display: inline-block; color: rgb(100, 100, 100); font-family: Verdana, Simsun; font-size: 12px; background-color: rgb(255, 255, 255);\">出版社:<a href=\"http://search.dangdang.com/?key3=%D6%D0%B9%FA%D3%D1%D2%EA%B3%F6%B0%E6%B9%AB%CB%BE&medium=01&category_path=01.00.00.00.00.00\" target=\"_blank\" dd_name=\"出版社\" style=\"margin: 0px; padding: 0px; text-decoration-line: none; color: rgb(26, 102, 179);\">中国友谊出版公司</a></span><span class=\"t1\" style=\"margin: 0px; padding: 0px 25px 0px 0px; display: inline-block; color: rgb(100, 100, 100); font-family: Verdana, Simsun; font-size: 12px; background-color: rgb(255, 255, 255);\">出版时间:2017年08月&nbsp;</span>\n</p>\n<ul class=\"key clearfix list-paddingleft-2\" style=\"list-style-type: none;\">\n    <li>\n        <p>\n            开 本：16开\n        </p>\n    </li>\n    <li>\n        <p>\n            纸 张：轻型纸\n        </p>\n    </li>\n    <li>\n        <p>\n            包 装：平装-胶订\n        </p>\n    </li>\n    <li>\n        <p>\n            是否套装：否\n        </p>\n    </li>\n    <li>\n        <p>\n            国际标准书号ISBN：9787505740723\n        </p>\n    </li>\n</ul>\n<p>\n    <br/>\n</p>','goods/images/25141601-1_u_3.jpg',0,0,'2019-05-16 18:32:08.546976',21,16.99,'(加) 大卫·萨维奇'),(48,'9787505740709','没有带不好的团队：高绩效团队管理的全新技巧模板',0,2,0,748,30.62,24.50,'美国海军学院高级领导力课程. 《福布斯》《纽约时报》《华尔街日报》鼎力推荐，全面了解领导力的隐藏秘诀，成为人人都想追随的领导者','\n                <p>\n    <span class=\"t1\" id=\"author\" dd_name=\"作者\" ddt-area=\"002\" style=\"margin: 0px; padding: 0px 25px 0px 0px; display: inline-block; color: rgb(100, 100, 100); font-family: Verdana, Simsun; font-size: 12px; background-color: rgb(255, 255, 255);\">作者:(美)<a href=\"http://search.dangdang.com/?key2=%BF%C6%C0%EF%A1%A4%B1%AB%BF%CB&medium=01&category_path=01.00.00.00.00.00\" target=\"_blank\" dd_name=\"作者\" style=\"margin: 0px; padding: 0px; text-decoration-line: none; color: rgb(26, 102, 179);\">科里·鲍克</a>&nbsp;著，<a href=\"http://search.dangdang.com/?key2=%D0%C5%C8%CE&medium=01&category_path=01.00.00.00.00.00\" target=\"_blank\" dd_name=\"作者\" style=\"margin: 0px; padding: 0px; text-decoration-line: none; color: rgb(26, 102, 179);\">信任</a>&nbsp;译</span><span class=\"t1\" dd_name=\"出版社\" ddt-area=\"003\" style=\"margin: 0px; padding: 0px 25px 0px 0px; display: inline-block; color: rgb(100, 100, 100); font-family: Verdana, Simsun; font-size: 12px; background-color: rgb(255, 255, 255);\">出版社:<a href=\"http://search.dangdang.com/?key3=%D6%D0%B9%FA%D3%D1%D2%EA%B3%F6%B0%E6%B9%AB%CB%BE&medium=01&category_path=01.00.00.00.00.00\" target=\"_blank\" dd_name=\"出版社\" style=\"margin: 0px; padding: 0px; text-decoration-line: none; color: rgb(26, 102, 179);\">中国友谊出版公司</a></span><span class=\"t1\" style=\"margin: 0px; padding: 0px 25px 0px 0px; display: inline-block; color: rgb(100, 100, 100); font-family: Verdana, Simsun; font-size: 12px; background-color: rgb(255, 255, 255);\">出版时间:2017年10月&nbsp;</span>\n</p>\n<ul class=\"key clearfix list-paddingleft-2\" style=\"list-style-type: none;\">\n    <li>\n        <p>\n            开 本：16开\n        </p>\n    </li>\n    <li>\n        <p>\n            纸 张：轻型纸\n        </p>\n    </li>\n    <li>\n        <p>\n            包 装：平装-胶订\n        </p>\n    </li>\n    <li>\n        <p>\n            是否套装：否\n        </p>\n    </li>\n    <li>\n        <p>\n            国际标准书号ISBN：9787505740709\n        </p>\n    </li>\n</ul>\n<p>\n    <br/>\n</p>','goods/images/25141602-1_u_3.jpg',0,0,'2019-05-16 18:32:08.635981',21,18.72,'(美)科里·鲍克'),(49,'9787508660196','小家，越住越大',0,6,0,644,42.38,33.90,'1本小书搞定居住烦恼，攻克中国式住宅收纳难题； 300余幅手绘，一目了然，轻松教你好好住； 房子不必大，住好才是家！日本收纳教母近藤典子，万科集团董事局主席王石鼎力推荐','\n                <p>\n    <span class=\"t1\" id=\"author\" dd_name=\"作者\" ddt-area=\"002\" style=\"margin: 0px; padding: 0px 25px 0px 0px; display: inline-block; color: rgb(100, 100, 100); font-family: Verdana, Simsun; font-size: 12px; background-color: rgb(255, 255, 255);\">作者:<a href=\"http://search.dangdang.com/?key2=%E5%D6%DE%B1&medium=01&category_path=01.00.00.00.00.00\" target=\"_blank\" dd_name=\"作者\" style=\"margin: 0px; padding: 0px; text-decoration-line: none; color: rgb(26, 102, 179);\">逯薇</a></span><span class=\"t1\" dd_name=\"出版社\" ddt-area=\"003\" style=\"margin: 0px; padding: 0px 25px 0px 0px; display: inline-block; color: rgb(100, 100, 100); font-family: Verdana, Simsun; font-size: 12px; background-color: rgb(255, 255, 255);\">出版社:<a href=\"http://search.dangdang.com/?key3=%D6%D0%D0%C5%B3%F6%B0%E6%C9%E7&medium=01&category_path=01.00.00.00.00.00\" target=\"_blank\" dd_name=\"出版社\" style=\"margin: 0px; padding: 0px; text-decoration-line: none; color: rgb(26, 102, 179);\">中信出版社</a></span><span class=\"t1\" style=\"margin: 0px; padding: 0px 25px 0px 0px; display: inline-block; color: rgb(100, 100, 100); font-family: Verdana, Simsun; font-size: 12px; background-color: rgb(255, 255, 255);\">出版时间:2016年05月&nbsp;</span>\n</p>\n<ul class=\"key clearfix list-paddingleft-2\" style=\"list-style-type: none;\">\n    <li>\n        <p>\n            开 本：32开\n        </p>\n    </li>\n    <li>\n        <p>\n            纸 张：胶版纸\n        </p>\n    </li>\n    <li>\n        <p>\n            包 装：精装\n        </p>\n    </li>\n    <li>\n        <p>\n            是否套装：否\n        </p>\n    </li>\n    <li>\n        <p>\n            国际标准书号ISBN：9787508660196\n        </p>\n    </li>\n</ul>\n<p>\n    <br/>\n</p>','goods/images/23951051-1_u_12.jpg',0,0,'2019-05-16 18:32:08.932998',23,25.86,'逯薇'),(50,'9787807682226','独立日4：我能去你家看看吗？',0,6,0,694,53.75,43.00,'（资深家居达人倪倪&专业家居摄影师霍城首部作品！解读家居美学。范冰冰、海清、青山周平、庄雅婷、反裤衩阵地鼎力推荐。三联生活书店出品','\n                <p>\n    <span class=\"t1\" id=\"author\" dd_name=\"作者\" ddt-area=\"002\" style=\"margin: 0px; padding: 0px 25px 0px 0px; display: inline-block; color: rgb(100, 100, 100); font-family: Verdana, Simsun; font-size: 12px; background-color: rgb(255, 255, 255);\">作者:<a href=\"http://search.dangdang.com/?key2=%C4%DF%C4%DF&medium=01&category_path=01.00.00.00.00.00\" target=\"_blank\" dd_name=\"作者\" style=\"margin: 0px; padding: 0px; text-decoration-line: none; color: rgb(26, 102, 179);\">倪倪</a>&nbsp;<a href=\"http://search.dangdang.com/?key2=%BB%F4%B3%C7&medium=01&category_path=01.00.00.00.00.00\" target=\"_blank\" dd_name=\"作者\" style=\"margin: 0px; padding: 0px; text-decoration-line: none; color: rgb(26, 102, 179);\">霍城</a></span><span class=\"t1\" dd_name=\"出版社\" ddt-area=\"003\" style=\"margin: 0px; padding: 0px 25px 0px 0px; display: inline-block; color: rgb(100, 100, 100); font-family: Verdana, Simsun; font-size: 12px; background-color: rgb(255, 255, 255);\">出版社:<a href=\"http://search.dangdang.com/?key3=%C9%FA%BB%EE.%B6%C1%CA%E9.%D0%C2%D6%AA%C8%FD%C1%AA%CA%E9%B5%EA&medium=01&category_path=01.00.00.00.00.00\" target=\"_blank\" dd_name=\"出版社\" style=\"margin: 0px; padding: 0px; text-decoration-line: none; color: rgb(26, 102, 179);\">生活.读书.新知三联书店</a></span><span class=\"t1\" style=\"margin: 0px; padding: 0px 25px 0px 0px; display: inline-block; color: rgb(100, 100, 100); font-family: Verdana, Simsun; font-size: 12px; background-color: rgb(255, 255, 255);\">出版时间:2018年01月&nbsp;</span>\n</p>\n<ul class=\"key clearfix list-paddingleft-2\" style=\"list-style-type: none;\">\n    <li>\n        <p>\n            开 本：32开\n        </p>\n    </li>\n    <li>\n        <p>\n            纸 张：纯质纸\n        </p>\n    </li>\n    <li>\n        <p>\n            包 装：精装\n        </p>\n    </li>\n    <li>\n        <p>\n            是否套装：否\n        </p>\n    </li>\n    <li>\n        <p>\n            国际标准书号ISBN：9787807682226\n        </p>\n    </li>\n</ul>\n<p>\n    <br/>\n</p>','goods/images/25206149-1_u_8.jpg',0,0,'2019-05-16 18:32:09.126009',23,32.73,'倪倪 霍城'),(51,'9787508686271','小家，越住越大2',0,11,0,689,50.00,40.00,'御风资本董事长冯仑、趁早创始人王潇、好好住创始人冯驌倾情推荐！','\n                <p>\n    <span class=\"t1\" id=\"author\" dd_name=\"作者\" ddt-area=\"002\" style=\"margin: 0px; padding: 0px 25px 0px 0px; display: inline-block; color: rgb(100, 100, 100); font-family: Verdana, Simsun; font-size: 12px; background-color: rgb(255, 255, 255);\">作者:<a href=\"http://search.dangdang.com/?key2=%E5%D6%DE%B1&medium=01&category_path=01.00.00.00.00.00\" target=\"_blank\" dd_name=\"作者\" style=\"margin: 0px; padding: 0px; text-decoration-line: none; color: rgb(26, 102, 179);\">逯薇</a></span><span class=\"t1\" dd_name=\"出版社\" ddt-area=\"003\" style=\"margin: 0px; padding: 0px 25px 0px 0px; display: inline-block; color: rgb(100, 100, 100); font-family: Verdana, Simsun; font-size: 12px; background-color: rgb(255, 255, 255);\">出版社:<a href=\"http://search.dangdang.com/?key3=%D6%D0%D0%C5%B3%F6%B0%E6%C9%E7&medium=01&category_path=01.00.00.00.00.00\" target=\"_blank\" dd_name=\"出版社\" style=\"margin: 0px; padding: 0px; text-decoration-line: none; color: rgb(26, 102, 179);\">中信出版社</a></span><span class=\"t1\" style=\"margin: 0px; padding: 0px 25px 0px 0px; display: inline-block; color: rgb(100, 100, 100); font-family: Verdana, Simsun; font-size: 12px; background-color: rgb(255, 255, 255);\">出版时间:2018年04月&nbsp;</span>\n</p>\n<ul class=\"key clearfix list-paddingleft-2\" style=\"list-style-type: none;\">\n    <li>\n        <p>\n            开 本：32开\n        </p>\n    </li>\n    <li>\n        <p>\n            纸 张：纯质纸\n        </p>\n    </li>\n    <li>\n        <p>\n            包 装：精装\n        </p>\n    </li>\n    <li>\n        <p>\n            是否套装：否\n        </p>\n    </li>\n    <li>\n        <p>\n            国际标准书号ISBN：9787508686271\n        </p>\n    </li>\n</ul>\n<p>\n    <br/>\n</p>','goods/images/25250121-1_u_8.jpg',0,0,'2019-05-16 18:32:09.402025',23,30.41,'逯薇'),(52,'9787503195655','LP韩国-孤独星球Lonely Planet国际指南系列：韩国（第二版）',0,5,0,645,63.00,50.40,'就着美景，再来一口泡菜、一瓶烧酒、一次汗蒸……这才是韩国','\n                <p>\n    <span class=\"t1\" id=\"author\" dd_name=\"作者\" ddt-area=\"002\" style=\"margin: 0px; padding: 0px 25px 0px 0px; display: inline-block; color: rgb(100, 100, 100); font-family: Verdana, Simsun; font-size: 12px; background-color: rgb(255, 255, 255);\">作者:<a href=\"http://search.dangdang.com/?key2=%B9%C2%B6%C0%D0%C7%C7%F2LonelyPlanet%B9%FA%BC%CA%D6%B8%C4%CF&medium=01&category_path=01.00.00.00.00.00\" target=\"_blank\" dd_name=\"作者\" style=\"margin: 0px; padding: 0px; text-decoration-line: none; color: rgb(26, 102, 179);\">孤独星球LonelyPlanet国际指南</a>系列</span><span class=\"t1\" dd_name=\"出版社\" ddt-area=\"003\" style=\"margin: 0px; padding: 0px 25px 0px 0px; display: inline-block; color: rgb(100, 100, 100); font-family: Verdana, Simsun; font-size: 12px; background-color: rgb(255, 255, 255);\">出版社:<a href=\"http://search.dangdang.com/?key3=%D6%D0%B9%FA%B5%D8%CD%BC%B3%F6%B0%E6%C9%E7&medium=01&category_path=01.00.00.00.00.00\" target=\"_blank\" dd_name=\"出版社\" style=\"margin: 0px; padding: 0px; text-decoration-line: none; color: rgb(26, 102, 179);\">中国地图出版社</a></span><span class=\"t1\" style=\"margin: 0px; padding: 0px 25px 0px 0px; display: inline-block; color: rgb(100, 100, 100); font-family: Verdana, Simsun; font-size: 12px; background-color: rgb(255, 255, 255);\">出版时间:2016年12月</span>\n</p>\n<ul class=\"key clearfix list-paddingleft-2\" style=\"list-style-type: none;\">\n    <li>\n        <p>\n            开 本：128开\n        </p>\n    </li>\n    <li>\n        <p>\n            纸 张：胶版纸\n        </p>\n    </li>\n    <li>\n        <p>\n            包 装：平装-胶订\n        </p>\n    </li>\n    <li>\n        <p>\n            是否套装：否\n        </p>\n    </li>\n    <li>\n        <p>\n            国际标准书号ISBN：9787503195655\n        </p>\n    </li>\n</ul>\n<p>\n    <br/>\n</p>','goods/images/24158487-1_u_8.jpg',0,0,'2019-05-16 18:32:09.518031',24,38.47,'孤独星球LonelyPlanet国际指南'),(53,'9787520401906','LP越南-孤独星球Lonely Planet旅行指南系列-越南（第二版）',0,8,0,692,83.50,66.80,'去城市探索历史，抑或去丛林、海岸、洞穴、村庄尽享越南风情。','\n                <p>\n    <span class=\"t1\" id=\"author\" dd_name=\"作者\" ddt-area=\"002\" style=\"margin: 0px; padding: 0px 25px 0px 0px; display: inline-block; color: rgb(100, 100, 100); font-family: Verdana, Simsun; font-size: 12px; background-color: rgb(255, 255, 255);\">作者:<a href=\"http://search.dangdang.com/?key2=%B0%C4%B4%F3%C0%FB%D1%C7Lonely&medium=01&category_path=01.00.00.00.00.00\" target=\"_blank\" dd_name=\"作者\" style=\"margin: 0px; padding: 0px; text-decoration-line: none; color: rgb(26, 102, 179);\">澳大利亚Lonely</a>&nbsp;<a href=\"http://search.dangdang.com/?key2=Planet%B9%AB%CB%BE&medium=01&category_path=01.00.00.00.00.00\" target=\"_blank\" dd_name=\"作者\" style=\"margin: 0px; padding: 0px; text-decoration-line: none; color: rgb(26, 102, 179);\">Planet公司</a></span><span class=\"t1\" dd_name=\"出版社\" ddt-area=\"003\" style=\"margin: 0px; padding: 0px 25px 0px 0px; display: inline-block; color: rgb(100, 100, 100); font-family: Verdana, Simsun; font-size: 12px; background-color: rgb(255, 255, 255);\">出版社:<a href=\"http://search.dangdang.com/?key3=%D6%D0%B9%FA%B5%D8%CD%BC%B3%F6%B0%E6%C9%E7&medium=01&category_path=01.00.00.00.00.00\" target=\"_blank\" dd_name=\"出版社\" style=\"margin: 0px; padding: 0px; text-decoration-line: none; color: rgb(26, 102, 179);\">中国地图出版社</a></span><span class=\"t1\" style=\"margin: 0px; padding: 0px 25px 0px 0px; display: inline-block; color: rgb(100, 100, 100); font-family: Verdana, Simsun; font-size: 12px; background-color: rgb(255, 255, 255);\">出版时间:2017年11月&nbsp;</span>\n</p>\n<ul class=\"key clearfix list-paddingleft-2\" style=\"list-style-type: none;\">\n    <li>\n        <p>\n            开 本：32开\n        </p>\n    </li>\n    <li>\n        <p>\n            纸 张：胶版纸\n        </p>\n    </li>\n    <li>\n        <p>\n            包 装：平装-胶订\n        </p>\n    </li>\n    <li>\n        <p>\n            是否套装：否\n        </p>\n    </li>\n    <li>\n        <p>\n            国际标准书号ISBN：9787520401906\n        </p>\n    </li>\n</ul>\n<p>\n    <br/>\n</p>','goods/images/25200568-1_u_3.jpg',0,0,'2019-05-16 18:32:09.644038',24,50.84,'澳大利亚Lonely Planet公司'),(54,'9787503199943','LP泰国-孤独星球Lonely Planet国际指南系列-泰国（第三版已售罄，敬请期待新版）',0,14,0,636,126.38,101.10,'大皇宫、泼水节、苏梅岛、四面佛、水上市场、冬阴功。','\n                <p>\n    <span class=\"t1\" id=\"author\" dd_name=\"作者\" ddt-area=\"002\" style=\"margin: 0px; padding: 0px 25px 0px 0px; display: inline-block; color: rgb(100, 100, 100); font-family: Verdana, Simsun; font-size: 12px; background-color: rgb(255, 255, 255);\">作者:<a href=\"http://search.dangdang.com/?key2=%B0%C4%B4%F3%C0%FB%D1%C7Lonely&medium=01&category_path=01.00.00.00.00.00\" target=\"_blank\" dd_name=\"作者\" style=\"margin: 0px; padding: 0px; text-decoration-line: none; color: rgb(26, 102, 179);\">澳大利亚Lonely</a>&nbsp;<a href=\"http://search.dangdang.com/?key2=Planet%B9%AB%CB%BE&medium=01&category_path=01.00.00.00.00.00\" target=\"_blank\" dd_name=\"作者\" style=\"margin: 0px; padding: 0px; text-decoration-line: none; color: rgb(26, 102, 179);\">Planet公司</a></span><span class=\"t1\" dd_name=\"出版社\" ddt-area=\"003\" style=\"margin: 0px; padding: 0px 25px 0px 0px; display: inline-block; color: rgb(100, 100, 100); font-family: Verdana, Simsun; font-size: 12px; background-color: rgb(255, 255, 255);\">出版社:<a href=\"http://search.dangdang.com/?key3=%D6%D0%B9%FA%B5%D8%CD%BC%B3%F6%B0%E6%C9%E7&medium=01&category_path=01.00.00.00.00.00\" target=\"_blank\" dd_name=\"出版社\" style=\"margin: 0px; padding: 0px; text-decoration-line: none; color: rgb(26, 102, 179);\">中国地图出版社</a></span><span class=\"t1\" style=\"margin: 0px; padding: 0px 25px 0px 0px; display: inline-block; color: rgb(100, 100, 100); font-family: Verdana, Simsun; font-size: 12px; background-color: rgb(255, 255, 255);\">出版时间:2017年06月&nbsp;</span>\n</p>\n<ul class=\"key clearfix list-paddingleft-2\" style=\"list-style-type: none;\">\n    <li>\n        <p>\n            开 本：32开\n        </p>\n    </li>\n    <li>\n        <p>\n            纸 张：胶版纸\n        </p>\n    </li>\n    <li>\n        <p>\n            包 装：平装-胶订\n        </p>\n    </li>\n    <li>\n        <p>\n            是否套装：否\n        </p>\n    </li>\n    <li>\n        <p>\n            国际标准书号ISBN：9787503199943\n        </p>\n    </li>\n</ul>\n<p>\n    <br/>\n</p>','goods/images/25149527-1_u_3.jpg',0,0,'2019-05-16 18:32:09.755045',24,77.68,'澳大利亚Lonely Planet公司'),(55,'9787530461693','美国金宝贝早教婴幼儿游戏(0-3岁)',0,22,0,878,60.00,48.00,'畅销美国超过13年，早教育儿的绝妙伴侣','\n                <p>\n    <span class=\"t1\" id=\"author\" dd_name=\"作者\" ddt-area=\"002\" style=\"margin: 0px; padding: 0px 25px 0px 0px; display: inline-block; color: rgb(100, 100, 100); font-family: Verdana, Simsun; font-size: 12px; background-color: rgb(255, 255, 255);\">作者:〔美〕<a href=\"http://search.dangdang.com/?key2=%CE%C2%B5%D9%C2%EA%CB%B9&medium=01&category_path=01.00.00.00.00.00\" target=\"_blank\" dd_name=\"作者\" style=\"margin: 0px; padding: 0px; text-decoration-line: none; color: rgb(26, 102, 179);\">温蒂玛斯</a>、〔美〕<a href=\"http://search.dangdang.com/?key2=%C2%DE%C4%E1%BF%C6%B6%F7%C0%B3%B5%C2%C2%FC&medium=01&category_path=01.00.00.00.00.00\" target=\"_blank\" dd_name=\"作者\" style=\"margin: 0px; padding: 0px; text-decoration-line: none; color: rgb(26, 102, 179);\">罗尼科恩莱德曼</a>&nbsp;主编，&nbsp;<a href=\"http://search.dangdang.com/?key2=%E8%EF%CF%FE%C9%AD&medium=01&category_path=01.00.00.00.00.00\" target=\"_blank\" dd_name=\"作者\" style=\"margin: 0px; padding: 0px; text-decoration-line: none; color: rgb(26, 102, 179);\">栾晓森</a>、<a href=\"http://search.dangdang.com/?key2=%CA%B7%BF%AD&medium=01&category_path=01.00.00.00.00.00\" target=\"_blank\" dd_name=\"作者\" style=\"margin: 0px; padding: 0px; text-decoration-line: none; color: rgb(26, 102, 179);\">史凯</a>&nbsp;译</span><span class=\"t1\" dd_name=\"出版社\" ddt-area=\"003\" style=\"margin: 0px; padding: 0px 25px 0px 0px; display: inline-block; color: rgb(100, 100, 100); font-family: Verdana, Simsun; font-size: 12px; background-color: rgb(255, 255, 255);\">出版社:<a href=\"http://search.dangdang.com/?key3=%B1%B1%BE%A9%BF%C6%D1%A7%BC%BC%CA%F5%B3%F6%B0%E6%C9%E7&medium=01&category_path=01.00.00.00.00.00\" target=\"_blank\" dd_name=\"出版社\" style=\"margin: 0px; padding: 0px; text-decoration-line: none; color: rgb(26, 102, 179);\">北京科学技术出版社</a></span><span class=\"t1\" style=\"margin: 0px; padding: 0px 25px 0px 0px; display: inline-block; color: rgb(100, 100, 100); font-family: Verdana, Simsun; font-size: 12px; background-color: rgb(255, 255, 255);\">出版时间:2016年01月&nbsp;</span>\n</p>\n<ul class=\"key clearfix list-paddingleft-2\" style=\"list-style-type: none;\">\n    <li>\n        <p>\n            开 本：20开\n        </p>\n    </li>\n    <li>\n        <p>\n            纸 张：铜版纸\n        </p>\n    </li>\n    <li>\n        <p>\n            包 装：平装\n        </p>\n    </li>\n    <li>\n        <p>\n            是否套装：\n        </p>\n    </li>\n    <li>\n        <p>\n            国际标准书号ISBN：9787530461693\n        </p>\n    </li>\n</ul>\n<p>\n    <br/>\n</p>','goods/images/23892568-1_u_3.jpg',0,0,'2019-05-16 18:32:09.847050',25,36.25,'〔美〕温蒂玛斯'),(56,'9787510142420','亲子打闹游戏的艺术',0,12,0,738,22.75,18.20,'101款打闹游戏，发现不一样的孩子和自己（游戏力出品）','\n                <p>\n    <span class=\"t1\" id=\"author\" dd_name=\"作者\" ddt-area=\"002\" style=\"margin: 0px; padding: 0px 25px 0px 0px; display: inline-block; color: rgb(100, 100, 100); font-family: Verdana, Simsun; font-size: 12px; background-color: rgb(255, 255, 255);\">作者:（美）<a href=\"http://search.dangdang.com/?key2=%B0%B2%B6%AB%C4%E1%A1%A4%B5%CF%B1%BE%B5%C2&medium=01&category_path=01.00.00.00.00.00\" target=\"_blank\" dd_name=\"作者\" style=\"margin: 0px; padding: 0px; text-decoration-line: none; color: rgb(26, 102, 179);\">安东尼·迪本德</a>（美）<a href=\"http://search.dangdang.com/?key2=%BF%C6%B6%F7&medium=01&category_path=01.00.00.00.00.00\" target=\"_blank\" dd_name=\"作者\" style=\"margin: 0px; padding: 0px; text-decoration-line: none; color: rgb(26, 102, 179);\">科恩</a>，<a href=\"http://search.dangdang.com/?key2=%CE%E9%C4%C8&medium=01&category_path=01.00.00.00.00.00\" target=\"_blank\" dd_name=\"作者\" style=\"margin: 0px; padding: 0px; text-decoration-line: none; color: rgb(26, 102, 179);\">伍娜</a>&nbsp;译</span><span class=\"t1\" dd_name=\"出版社\" ddt-area=\"003\" style=\"margin: 0px; padding: 0px 25px 0px 0px; display: inline-block; color: rgb(100, 100, 100); font-family: Verdana, Simsun; font-size: 12px; background-color: rgb(255, 255, 255);\">出版社:<a href=\"http://search.dangdang.com/?key3=%D6%D0%B9%FA%C8%CB%BF%DA%B3%F6%B0%E6%C9%E7&medium=01&category_path=01.00.00.00.00.00\" target=\"_blank\" dd_name=\"出版社\" style=\"margin: 0px; padding: 0px; text-decoration-line: none; color: rgb(26, 102, 179);\">中国人口出版社</a></span><span class=\"t1\" style=\"margin: 0px; padding: 0px 25px 0px 0px; display: inline-block; color: rgb(100, 100, 100); font-family: Verdana, Simsun; font-size: 12px; background-color: rgb(255, 255, 255);\">出版时间:2016年06月</span>\n</p>\n<ul class=\"key clearfix list-paddingleft-2\" style=\"list-style-type: none;\">\n    <li>\n        <p>\n            开 本：16开\n        </p>\n    </li>\n    <li>\n        <p>\n            纸 张：胶版纸\n        </p>\n    </li>\n    <li>\n        <p>\n            包 装：平装-胶订\n        </p>\n    </li>\n    <li>\n        <p>\n            是否套装：否\n        </p>\n    </li>\n    <li>\n        <p>\n            国际标准书号ISBN：9787510142420\n        </p>\n    </li>\n</ul>\n<p>\n    <br/>\n</p>','goods/images/23961677-1_u_8.jpg',0,0,'2019-05-16 18:32:09.943056',25,13.82,'（美）安东尼·迪本德'),(57,'9787530458440','美国金宝贝早教婴儿游戏 0~1岁',0,9,0,741,38.38,30.70,'全美畅销13年，开发智商+情商+艺术潜能+运动潜能','\n                <p>\n    <span class=\"t1\" id=\"author\" dd_name=\"作者\" ddt-area=\"002\" style=\"margin: 0px; padding: 0px 25px 0px 0px; display: inline-block; color: rgb(100, 100, 100); font-family: Verdana, Simsun; font-size: 12px; background-color: rgb(255, 255, 255);\">作者:(美)<a href=\"http://search.dangdang.com/?key2=%C2%EA%CB%B9&medium=01&category_path=01.00.00.00.00.00\" target=\"_blank\" dd_name=\"作者\" style=\"margin: 0px; padding: 0px; text-decoration-line: none; color: rgb(26, 102, 179);\">玛斯</a>,(美)<a href=\"http://search.dangdang.com/?key2=%C0%B3%B5%C2%C2%FC&medium=01&category_path=01.00.00.00.00.00\" target=\"_blank\" dd_name=\"作者\" style=\"margin: 0px; padding: 0px; text-decoration-line: none; color: rgb(26, 102, 179);\">莱德曼</a>&nbsp;编</span><span class=\"t1\" dd_name=\"出版社\" ddt-area=\"003\" style=\"margin: 0px; padding: 0px 25px 0px 0px; display: inline-block; color: rgb(100, 100, 100); font-family: Verdana, Simsun; font-size: 12px; background-color: rgb(255, 255, 255);\">出版社:<a href=\"http://search.dangdang.com/?key3=%B1%B1%BE%A9%BF%C6%D1%A7%BC%BC%CA%F5%B3%F6%B0%E6%C9%E7&medium=01&category_path=01.00.00.00.00.00\" target=\"_blank\" dd_name=\"出版社\" style=\"margin: 0px; padding: 0px; text-decoration-line: none; color: rgb(26, 102, 179);\">北京科学技术出版社</a></span><span class=\"t1\" style=\"margin: 0px; padding: 0px 25px 0px 0px; display: inline-block; color: rgb(100, 100, 100); font-family: Verdana, Simsun; font-size: 12px; background-color: rgb(255, 255, 255);\">出版时间:2012年06月&nbsp;</span>\n</p>\n<ul class=\"key clearfix list-paddingleft-2\" style=\"list-style-type: none;\">\n    <li>\n        <p>\n            开 本：20开\n        </p>\n    </li>\n    <li>\n        <p>\n            纸 张：铜版纸\n        </p>\n    </li>\n    <li>\n        <p>\n            包 装：平装-胶订\n        </p>\n    </li>\n    <li>\n        <p>\n            是否套装：否\n        </p>\n    </li>\n    <li>\n        <p>\n            国际标准书号ISBN：9787530458440\n        </p>\n    </li>\n</ul>\n<p>\n    <br/>\n</p>','goods/images/22790891-1_u_1.jpg',0,0,'2019-05-16 18:32:10.110065',25,23.28,'(美)玛斯,(美)莱德曼'),(58,'9787549562596','食帖01.Brunch吧！没那么赶时间',0,14,0,786,34.38,27.50,'国内备受期待的食物类内容品牌“食帖”，首本出版物终于面世！','\n                <p>\n    <span class=\"t1\" id=\"author\" dd_name=\"作者\" ddt-area=\"002\" style=\"margin: 0px; padding: 0px 25px 0px 0px; display: inline-block; color: rgb(100, 100, 100); font-family: Verdana, Simsun; font-size: 12px; background-color: rgb(255, 255, 255);\">作者:<a href=\"http://search.dangdang.com/?key2=%C1%D6%BD%AD&medium=01&category_path=01.00.00.00.00.00\" target=\"_blank\" dd_name=\"作者\" style=\"margin: 0px; padding: 0px; text-decoration-line: none; color: rgb(26, 102, 179);\">林江</a>&nbsp;主编</span><span class=\"t1\" dd_name=\"出版社\" ddt-area=\"003\" style=\"margin: 0px; padding: 0px 25px 0px 0px; display: inline-block; color: rgb(100, 100, 100); font-family: Verdana, Simsun; font-size: 12px; background-color: rgb(255, 255, 255);\">出版社:<a href=\"http://search.dangdang.com/?key3=%B9%E3%CE%F7%CA%A6%B7%B6%B4%F3%D1%A7%B3%F6%B0%E6%C9%E7&medium=01&category_path=01.00.00.00.00.00\" target=\"_blank\" dd_name=\"出版社\" style=\"margin: 0px; padding: 0px; text-decoration-line: none; color: rgb(26, 102, 179);\">广西师范大学出版社</a></span><span class=\"t1\" style=\"margin: 0px; padding: 0px 25px 0px 0px; display: inline-block; color: rgb(100, 100, 100); font-family: Verdana, Simsun; font-size: 12px; background-color: rgb(255, 255, 255);\">出版时间:2015年01月&nbsp;</span>\n</p>\n<ul class=\"key clearfix list-paddingleft-2\" style=\"list-style-type: none;\">\n    <li>\n        <p>\n            开 本：16开\n        </p>\n    </li>\n    <li>\n        <p>\n            纸 张：胶版纸\n        </p>\n    </li>\n    <li>\n        <p>\n            包 装：平装\n        </p>\n    </li>\n    <li>\n        <p>\n            是否套装：否\n        </p>\n    </li>\n    <li>\n        <p>\n            国际标准书号ISBN：9787549562596\n        </p>\n    </li>\n</ul>\n<p>\n    <br/>\n</p>','goods/images/23628114-1_u_1.jpg',0,0,'2019-05-16 18:32:10.420083',26,20.86,'林江'),(59,'9787549563395','食帖02.只为喝杯好咖啡',0,5,0,495,34.38,27.50,'关于咖啡的一切！分享一杯好咖啡的秘密！（附别册《猫山狗海》，专访张辛苑）','\n                <p>\n    <span class=\"t1\" id=\"author\" dd_name=\"作者\" ddt-area=\"002\" style=\"margin: 0px; padding: 0px 25px 0px 0px; display: inline-block; color: rgb(100, 100, 100); font-family: Verdana, Simsun; font-size: 12px; background-color: rgb(255, 255, 255);\">作者:<a href=\"http://search.dangdang.com/?key2=%C1%D6%BD%AD&medium=01&category_path=01.00.00.00.00.00\" target=\"_blank\" dd_name=\"作者\" style=\"margin: 0px; padding: 0px; text-decoration-line: none; color: rgb(26, 102, 179);\">林江</a>　编</span><span class=\"t1\" dd_name=\"出版社\" ddt-area=\"003\" style=\"margin: 0px; padding: 0px 25px 0px 0px; display: inline-block; color: rgb(100, 100, 100); font-family: Verdana, Simsun; font-size: 12px; background-color: rgb(255, 255, 255);\">出版社:<a href=\"http://search.dangdang.com/?key3=%B9%E3%CE%F7%CA%A6%B7%B6%B4%F3%D1%A7%B3%F6%B0%E6%C9%E7&medium=01&category_path=01.00.00.00.00.00\" target=\"_blank\" dd_name=\"出版社\" style=\"margin: 0px; padding: 0px; text-decoration-line: none; color: rgb(26, 102, 179);\">广西师范大学出版社</a></span><span class=\"t1\" style=\"margin: 0px; padding: 0px 25px 0px 0px; display: inline-block; color: rgb(100, 100, 100); font-family: Verdana, Simsun; font-size: 12px; background-color: rgb(255, 255, 255);\">出版时间:2015年02月&nbsp;</span>\n</p>\n<ul class=\"key clearfix list-paddingleft-2\" style=\"list-style-type: none;\">\n    <li>\n        <p>\n            开 本：16开\n        </p>\n    </li>\n    <li>\n        <p>\n            纸 张：胶版纸\n        </p>\n    </li>\n    <li>\n        <p>\n            包 装：平装\n        </p>\n    </li>\n    <li>\n        <p>\n            是否套装：否\n        </p>\n    </li>\n    <li>\n        <p>\n            国际标准书号ISBN：9787549563395\n        </p>\n    </li>\n</ul>\n<p>\n    <br/>\n</p>','goods/images/23648350-1_u_1.jpg',0,0,'2019-05-16 18:32:10.587092',26,21.17,'林江'),(60,'349238 ','九星霸体诀',0,16,0,734,15.88,12.70,'是丹帝重生？是融合灵魂？被盗走灵根、灵血、灵骨的三无少年——龙尘，凭借着记忆中的炼丹神术，修行神秘功法九星霸体诀，拨开重重迷雾，解开惊天之局。 　　手掌天地乾坤，脚踏日月星辰，勾搭各色美女，镇压恶鬼邪神。 　　江湖传闻：龙尘一到，地...','\n                <table class=\"content\" width=\"600\">\n    <tbody>\n        <tr class=\"firstRow\">\n            <td style=\"padding-right: 38px;\">\n                作者：平凡魔术师\n            </td>\n            <td style=\"padding-right: 38px;\">\n                分类：玄幻奇幻\n            </td>\n        </tr>\n        <tr>\n            <td style=\"padding-right: 38px;\">\n                字数：897.19万\n            </td>\n            <td style=\"padding-right: 38px;\">\n                状态：更新至第两千八百四十八章 楚狂\n            </td>\n        </tr>\n    </tbody>\n</table>\n<p>\n    <br/>\n</p>','goods/images/1960395789_ii_cover.jpg',0,0,'2019-05-16 18:32:10.699099',29,9.65,'平凡魔术师'),(61,'81257 ','神级修炼系统',0,16,0,584,6.38,5.10,'一次意外，让宅男秦少风穿越重生到了异世，成为了连泱国蓝江城秦家大少。什么修为被废？丹田也无法修复了？不怕，咱有一个神级修炼系统，破坏的再严重的丹田也能修复！系统在手，功法无尽任我有！达摩老祖的易筋经……齐天大圣的火眼金睛……李寻欢的...','\n                <table class=\"content\" width=\"600\">\n    <tbody>\n        <tr class=\"firstRow\">\n            <td style=\"padding-right: 38px;\">\n                作者：包租东\n            </td>\n            <td style=\"padding-right: 38px;\">\n                分类：玄幻奇幻\n            </td>\n        </tr>\n        <tr>\n            <td style=\"padding-right: 38px;\">\n                字数：1372.26万\n            </td>\n            <td style=\"padding-right: 38px;\">\n                状态：更新至第2375章 强硬的大夔\n            </td>\n        </tr>\n    </tbody>\n</table>\n<p>\n    <br/>\n</p>','goods/images/1960402932_ii_cover.jpg',1,0,'2019-05-16 18:32:10.806105',29,3.90,'包租东'),(62,'390494 ','修罗武神',0,5,0,945,16.95,13.56,'论潜力，不算天才，可玄功武技，皆可无师自通。 论实力，任凭你有万千至宝，但定不敌我界灵大军。 我是谁？天下众生视我为修罗，却不知，我以修罗成武神。','\n                <table class=\"content\" width=\"600\">\n    <tbody>\n        <tr class=\"firstRow\">\n            <td style=\"padding-right: 38px;\">\n                作者：善良的蜜蜂\n            </td>\n            <td style=\"padding-right: 38px;\">\n                分类：玄幻奇幻\n            </td>\n        </tr>\n        <tr>\n            <td style=\"padding-right: 38px;\">\n                字数：880.48万\n            </td>\n            <td style=\"padding-right: 38px;\">\n                状态：更新至第三千八百二十八章 报复\n            </td>\n        </tr>\n    </tbody>\n</table>\n<p>\n    <br/>\n</p>','goods/images/1960395706_ii_cover.jpg',0,0,'2019-05-16 18:32:10.894110',29,10.22,'善良的蜜蜂'),(63,'67327 ','无上神帝',0,6,0,844,27.12,21.70,'万千大世界，强者如林。一代仙王牧云，重生到一个备受欺凌的私生子身上，誓要搅动风云，重回巅峰。苍茫天域，谁与争锋？诸天万界，我主沉浮！这一世，牧云注定要掌御万界，斗破苍穹！','\n                <table class=\"content\" width=\"600\">\n    <tbody>\n        <tr class=\"firstRow\">\n            <td style=\"padding-right: 38px;\">\n                作者：蜗牛狂奔\n            </td>\n            <td style=\"padding-right: 38px;\">\n                分类：玄幻奇幻\n            </td>\n        </tr>\n        <tr>\n            <td style=\"padding-right: 38px;\">\n                字数：1782.45万\n            </td>\n            <td style=\"padding-right: 38px;\">\n                状态：更新至第二千八百七十二章 你是聋子吗\n            </td>\n        </tr>\n    </tbody>\n</table>\n<p>\n    <br/>\n</p>','goods/images/1960402838_ii_cover.jpg',0,0,'2019-05-16 18:32:11.050119',29,16.40,'蜗牛狂奔'),(64,'64947 ','无限进化',0,4,0,596,2.62,2.10,'数百年前，代号为“T”的生物病毒为人类文明开启了毁灭之门，吹响了末日的号角。末日之门就此开启，无数强悍并且狡猾的生物开始肆虐地球，人类生存岌岌可危！自此，地球也正式告别第五纪元——“人类文明纪元”，进入了第六纪元——“混乱纪元”。而这...','\n                <table class=\"content\" width=\"600\">\n    <tbody>\n        <tr class=\"firstRow\">\n            <td style=\"padding-right: 38px;\">\n                作者：不冷\n            </td>\n            <td style=\"padding-right: 38px;\">\n                分类：玄幻奇幻\n            </td>\n        </tr>\n        <tr>\n            <td style=\"padding-right: 38px;\">\n                字数：902.40万\n            </td>\n            <td style=\"padding-right: 38px;\">\n                状态：完结\n            </td>\n        </tr>\n    </tbody>\n</table>\n<p>\n    <br/>\n</p>','goods/images/1960404952_ii_cover.jpg',0,0,'2019-05-16 18:32:11.204128',29,1.61,'不冷'),(65,'67196 ','傲世丹神',0,20,0,680,17.88,14.30,'少年沈翔得到无上传承，获得逆天神脉，学得绝世神功，掌握超绝丹术，这使他在武道之路春风得意……饿的时炼点丹药当零食吃，无聊时耍耍那些来求丹的武道高人……','\n                <table class=\"content\" width=\"600\">\n    <tbody>\n        <tr class=\"firstRow\">\n            <td style=\"padding-right: 38px;\">\n                作者：寂小贼\n            </td>\n            <td style=\"padding-right: 38px;\">\n                分类：玄幻奇幻\n            </td>\n        </tr>\n        <tr>\n            <td style=\"padding-right: 38px;\">\n                字数：502.46万\n            </td>\n            <td style=\"padding-right: 38px;\">\n                状态：完结\n            </td>\n        </tr>\n    </tbody>\n</table>\n<p>\n    <br/>\n</p>','goods/images/1960395566_ii_cover.jpg',0,0,'2019-05-16 18:32:11.440141',29,10.89,'寂小贼'),(66,'23579654',' 三体：全三册 刘慈欣代表作，亚洲首部“雨果奖”获奖作品',2,8,0,589,68.62,54.90,'',' ','goods/images/23579654-1_u_3.jpg',0,0,'2019-05-16 18:32:11.532146',77,42.04,'刘慈欣'),(67,'9787530216781','平凡的世界：全三册',0,4,0,796,93.12,74.50,'新晋男神朱一龙推荐阅读。茅盾文学奖皇冠上的明珠，激励亿万读者的不朽经典。深受老师和学生喜爱的新课标必读书','','goods/images/25090502-1_u_5.jpg',0,0,'2019-05-16 18:32:11.661154',77,56.74,'路遥'),(68,'9787506365437','活着（2017年新版）',0,6,0,894,65.12,52.10,'余华是我国当代著名作家，也是享誉世界的小说家，曾荣获众多国内外奖项。《活着》是其代表作，在全球广泛传播，销量逾千万册，获得了普遍好评，已成为中国乃至世界当代文学的经典。','','goods/images/25137790-1_u_2.jpg',0,0,'2019-05-16 18:32:11.750159',77,39.27,'余华'),(69,'9787229030933','三体3：死神永生',0,11,0,739,28.50,22.80,'2017年世界雨果奖提名作品','','goods/images/20994167-1_u_6.jpg',0,0,'2019-05-16 18:32:11.867166',77,17.29,'刘慈欣'),(70,'9787559614636','房思琪的初恋乐园',0,9,0,691,38.88,31.10,'张爱玲以后ZUI好的中文写作者，李银河、戴锦华、张悦然、蒋方舟、冯唐等郑重推荐！打动万千读者的现象级纯文学小说。豆瓣读书9.2超高评分。','','goods/images/25208978-1_u_3.jpg',0,0,'2019-05-16 18:32:11.979172',77,23.67,'林奕含'),(71,'9787506365680','许三观卖血记（新版）',0,14,0,936,28.00,22.40,'本书以博大的温情描绘了磨难中的人生，以激烈的故事形式表达了人在面对厄运时求生的欲望。','','goods/images/25160766-1_u_3.jpg',0,0,'2019-05-16 18:32:12.159182',77,16.86,'余华'),(72,'9787506391542','我喜欢生命本来的样子(周国平经典散文作品集)',0,9,0,941,26.50,21.20,'影响和改变万千年轻人对人生的思考和生活的态度！上市半年以来，销售突破10万册，4万读者诚挚推荐！2017年，周国平散文ZUI佳精选集！裸书脊精装，四色印刷，林帝浣插图，但愿你保持住一份生命的本色','','goods/images/24198400-1_u_4.jpg',0,0,'2019-05-16 18:32:12.271189',101,15.99,'周国平'),(73,'9787550238770','你是人间四月天',0,11,0,689,15.00,12.00,'林徽因诗歌、散文、小说代表作完整收录。用灵魂书写爱与希望，见证绚丽的生命传奇','','goods/images/23608680-1_u_12.jpg',0,0,'2019-05-16 18:32:12.502202',101,9.12,'林徽因'),(74,'9787541153440','万物生灵：冯骥才给孩子的散文',0,5,0,895,28.12,22.50,'“孩子是属于大自然的。”冯骥才说。《珍珠鸟》等多篇入选语文教材，50篇以纯真视角观察自然、植物、小动物、季节以及人物的散文，在优美、易懂的字里行间，让孩子在自然真性的阅读中，获得“心灵教育”','','goods/images/a1a96a5da8bb4f1ab5066b4711205a31.gif',0,0,'2019-05-16 18:32:12.742216',101,16.97,'冯骥才'),(75,'25351560','王小波杂文套装（共4册',0,11,0,589,90.00,72.00,'自由理性、特立独行、黑色幽默，王小波ZUI经典的四本杂文书信。纠正了多年来其他版本数十处错误，值得珍藏！目前为止，李银河ZUI为认可的版本，李银河亲自作序纪念王小波并回答网友十大问题。','','goods/images/25351560-1_u_2.jpg',0,0,'2019-05-16 18:32:12.832221',101,55.00,'王小波 '),(76,'9787020143412',' 汪曾祺全集：全12册',0,17,0,533,460.00,368.00,'汪曾祺全集收录迄今为止发现的所有汪曾祺作品。历时八年，精编精校。','','goods/images/26439803-1_u_6.jpg',0,0,'2019-05-16 18:32:12.954228',101,282.88,'汪曾祺'),(77,'9787547711101','鲁迅全集（全20卷，纪念鲁迅先生逝世80周年！）',0,4,0,846,284.00,227.20,'1938年“鲁迅先生纪念委员会”编印版，无删改重版，简体横排，权威定本！','','goods/images/23473587-1_u_5.jpg',0,0,'2019-05-16 18:32:13.145239',101,172.26,'鲁迅'),(78,'25309905','半小时漫画中国史1+中国史2+中国史3+世界史',0,9,0,691,99.75,79.80,'《半小时漫画中国史》系列是400万粉丝大号“混子曰”创始人陈磊（二混子）力作。看半小时漫画，通五千年历史，用漫画解读历史，开启读史新潮流。读客熊猫君出品','','goods/images/25309905-1_u_15.jpg',0,0,'2019-05-16 18:32:13.282247',206,60.75,'陈磊'),(79,'9787213080708','明朝那些事儿全集（经典版全7册，新版）',0,3,0,597,183.75,147.00,'当年明月全新修订，经典收藏版 ','','goods/images/25114723-1_u_9.jpg',0,0,'2019-05-16 18:32:13.487258',206,112.41,'当年明月'),(80,'23928972','知行合一王阳明大全集',0,5,0,595,142.25,113.80,'全面解读知行合一理念及其创始人王阳明的通俗全传！公务员网站专题力荐王阳明家训！隆庆六年初刻本《传习录》，尘封400余年原貌重现的初始定本！读客熊猫君出品 ','','goods/images/23928972-1_u_4.jpg',0,0,'2019-05-16 18:32:13.628266',206,87.34,'度阴山'),(81,'9787201139463','陈寅恪：魏晋南北朝史讲演录',0,7,0,793,24.88,19.90,'三百年来学问*人，二十世纪史学四大家，一代宗师陈寅恪的授课笔记。七十六幅精致插图，七十六段详审图注，助你轻松读懂魏晋风流与六朝风云','','goods/images/26515884-1_u_1.jpg',0,0,'2019-05-16 18:32:13.761274',206,15.13,'陈寅恪'),(82,'23770142','南渡北归（2015新版全三册）',0,11,0,939,134.12,107.30,'纪念西南联大成立八十周年！记述抗战年代学人的艰苦卓绝，再现国难当头大师的风骨典范。岳南两百万言巨著写尽中国上世纪学术大师历程！诺贝尔奖获得者莫言、杨振宁领衔，柳传志、俞敏洪、茅于轼、张鸣等联... ','','goods/images/23770142-1_u_3.jpg',0,0,'2019-05-16 18:32:13.941284',206,81.21,'岳南 '),(83,'9787543894440','这个历史挺靠谱：袁腾飞讲历史（全三册）',0,12,0,788,61.88,49.50,'中国通俗讲史界领军人物、百万级畅销书作家袁腾飞的代表作品《历史是个什么玩意儿》升级修订插图超值珍藏版，超受欢迎的简明通史，千万读者热烈追捧！附赠11小时袁腾飞讲课视频精华光盘！','','goods/images/23295770-1_u_3.jpg',0,0,'2019-05-16 18:32:14.096293',206,37.62,'袁腾飞 '),(84,'9787535732309',' 时间简史（插图本）（央视《朗读者》推荐）',0,10,0,790,40.75,32.60,'时间只留简史 世间再无霍金 ','','goods/images/463785-1_u_1.jpg',0,0,'2019-05-16 18:32:14.253302',286,24.69,'史蒂芬·霍金'),(85,'9787535796943','十问：霍金沉思录（ Brief Answers to the Big Questions）',0,3,0,947,81.62,65.30,'霍金遗作，霍金临别留给世人的礼物，著作中包含他对黑洞，时间旅行，人工智能，太空移民等十个问题的简答（随书附赠霍金珍贵照片） ','','goods/images/26514290-1_u_9.jpg',0,0,'2019-05-16 18:32:14.373309',286,49.29,'[英]史蒂芬·霍金'),(86,'9787535733597','果壳中的宇宙',0,9,0,641,37.80,30.24,'时间只留简史 世间再无霍金 ','','goods/images/485254-1_u_1.jpg',0,0,'2019-05-16 18:32:14.539318',286,23.13,'史蒂芬·霍金'),(87,'9787555106951','宇宙 （雨果奖、普利策奖、艾美奖得主卡尔萨根经典作品）',0,18,0,582,74.75,59.80,'连续70周《纽约时报》排行榜冠军！畅销80国，全球销售量500万册。《时代周刊》《科学美国人》美国国会图书馆盛赞！中国科学院、北京天文馆专家诚意推荐！从理性、人文、感性的角度了解人在宇宙中的位置 ','','goods/images/25147256-1_u_2.jpg',0,0,'2019-05-16 18:32:14.628324',286,45.72,'卡尔·萨根'),(88,'9787559621320',' 给忙碌者的天体物理学',0,20,0,977,54.75,43.80,'未读·探索家| 入选豆瓣2018年度读书榜单。再忙，也要记得仰望星空。认识宇宙，就是重新认识自己。上市一年全球畅销100万册，译成40种语言。霍金科学传播奖得主尼尔·泰森，写给每一位地球人的','','goods/images/25306110-1_u_3.jpg',0,0,'2019-05-16 18:32:15.946399',286,32.94,'(美) 尼尔·德格拉斯·泰森'),(89,'9787229077648','平行宇宙（新版）',0,12,0,638,37.38,29.90,'科学可以这样看:读懂这本书，了解引力波，星球大战必读 ','','goods/images/23490618-1_u_1.jpg',0,0,'2019-05-16 18:32:16.499431',286,22.77,'(美)加来道雄');
/*!40000 ALTER TABLE `goods_goods` ENABLE KEYS */;
UNLOCK TABLES;

--
-- Table structure for table `goods_goodsbrand`
--

DROP TABLE IF EXISTS `goods_goodsbrand`;
/*!40101 SET @saved_cs_client     = @@character_set_client */;
/*!40101 SET character_set_client = utf8 */;
CREATE TABLE `goods_goodsbrand` (
  `id` int(11) NOT NULL AUTO_INCREMENT,
  `name` varchar(30) NOT NULL,
  `desc` longtext NOT NULL,
  `image` varchar(200) NOT NULL,
  `add_time` datetime(6) NOT NULL,
  `category_id` int(11) DEFAULT NULL,
  PRIMARY KEY (`id`),
  KEY `goods_goodsbrand_category_id_6fc84a73_fk_goods_goodscategory_id` (`category_id`),
  CONSTRAINT `goods_goodsbrand_category_id_6fc84a73_fk_goods_goodscategory_id` FOREIGN KEY (`category_id`) REFERENCES `goods_goodscategory` (`id`)
) ENGINE=InnoDB AUTO_INCREMENT=2 DEFAULT CHARSET=utf8;
/*!40101 SET character_set_client = @saved_cs_client */;

--
-- Dumping data for table `goods_goodsbrand`
--

LOCK TABLES `goods_goodsbrand` WRITE;
/*!40000 ALTER TABLE `goods_goodsbrand` DISABLE KEYS */;
INSERT INTO `goods_goodsbrand` VALUES (1,'书单','书单测试','brands/wxb.png','2019-05-24 03:42:00.000000',1);
/*!40000 ALTER TABLE `goods_goodsbrand` ENABLE KEYS */;
UNLOCK TABLES;

--
-- Table structure for table `goods_goodscategory`
--

DROP TABLE IF EXISTS `goods_goodscategory`;
/*!40101 SET @saved_cs_client     = @@character_set_client */;
/*!40101 SET character_set_client = utf8 */;
CREATE TABLE `goods_goodscategory` (
  `id` int(11) NOT NULL AUTO_INCREMENT,
  `name` varchar(30) NOT NULL,
  `code` varchar(30) NOT NULL,
  `desc` longtext NOT NULL,
  `category_type` int(11) NOT NULL,
  `is_tab` tinyint(1) NOT NULL,
  `add_time` datetime(6) NOT NULL,
  `parent_category_id` int(11) DEFAULT NULL,
  PRIMARY KEY (`id`),
  KEY `goods_goodscategory_parent_category_id_ccec2509_fk_goods_goo` (`parent_category_id`),
  CONSTRAINT `goods_goodscategory_parent_category_id_ccec2509_fk_goods_goo` FOREIGN KEY (`parent_category_id`) REFERENCES `goods_goodscategory` (`id`)
) ENGINE=InnoDB AUTO_INCREMENT=394 DEFAULT CHARSET=utf8;
/*!40101 SET character_set_client = @saved_cs_client */;

--
-- Dumping data for table `goods_goodscategory`
--

LOCK TABLES `goods_goodscategory` WRITE;
/*!40000 ALTER TABLE `goods_goodscategory` DISABLE KEYS */;
INSERT INTO `goods_goodscategory` VALUES (1,'特色书单','tssd','',1,1,'2019-05-16 18:31:26.712583',NULL),(2,'童书','ts','',2,0,'2019-05-16 18:31:26.859591',1),(3,'清华附小推荐书单','qhfx','',3,0,'2019-05-16 18:31:27.215612',2),(4,'一年级课外阅读书单','ynjk','',3,0,'2019-05-16 18:31:27.455625',2),(5,'二胎时代孩子们需要的书','etsd','',3,0,'2019-05-16 18:31:27.499628',2),(6,'给新手爸妈的入门图画书','gxsb','',3,0,'2019-05-16 18:31:27.561631',2),(7,'文艺','wy','',2,0,'2019-05-16 18:31:27.610634',1),(8,'央视《朗读者》第二季书单','ysld','',3,0,'2019-05-16 18:31:27.654637',7),(9,'抖音点赞30W+精选书单','dydz','',3,0,'2019-05-16 18:31:27.698639',7),(10,'七年级至高中必读书目','qnjz','',3,0,'2019-05-16 18:31:27.743642',7),(11,'2017-2018年播出的影视剧原著','ysjy','',3,0,'2019-05-16 18:31:27.787644',7),(12,'社科','sk','',2,0,'2019-05-16 18:31:27.842648',1),(13,'历史类人气品牌 “甲骨文丛书”书单','lslr','',3,0,'2019-05-16 18:31:27.886650',12),(14,'历史类精品“汗青堂丛书”书单','lslj','',3,0,'2019-05-16 18:31:27.931653',12),(15,'译文纪实系列书单','ywjs','',3,0,'2019-05-16 18:31:27.975655',12),(16,'中信见识丛书书单','ysjyz','',3,0,'2019-05-16 18:31:28.164666',12),(17,'经管励志','jglz','',2,0,'2019-05-16 18:31:28.210669',1),(18,'终身学习者推崇的20本书','zsxx','',3,0,'2019-05-16 18:31:28.252671',17),(19,'10本必读心灵成长经典','sbbd','',3,0,'2019-05-16 18:31:28.297674',17),(20,'瞬间提高个人修养的10部经典','sjtg','',3,0,'2019-05-16 18:31:28.341676',17),(21,'管理者进阶书单','glzj','',3,0,'2019-05-16 18:31:28.425681',17),(22,'生活','sh','',2,0,'2019-05-16 18:31:28.474684',1),(23,'充满爱的家，总有灯光为你点亮','cmad','',3,0,'2019-05-16 18:31:28.562689',22),(24,'Lonely Planet 2018亚洲十佳旅行目的地榜单','lpyz','',3,0,'2019-05-16 18:31:28.606691',22),(25,'玩出来的专注力','wcld','',3,0,'2019-05-16 18:31:28.868706',22),(26,'美食MOOK野路子','msmo','',3,0,'2019-05-16 18:31:29.005714',22),(27,'电子书籍','dzsj','',1,1,'2019-05-16 18:31:29.281730',NULL),(28,'网络文学','wlwx','',2,0,'2019-05-16 18:31:29.325732',27),(29,'玄幻奇幻','xhqh','',3,0,'2019-05-16 18:31:29.381736',28),(30,'现代都市','xdcs','',3,0,'2019-05-16 18:31:29.425738',28),(31,'武侠仙侠','wxxx','',3,0,'2019-05-16 18:31:29.469741',28),(32,'现代言情','xdyq','',3,0,'2019-05-16 18:31:29.514743',28),(33,'穿越重生','cycs','',3,0,'2019-05-16 18:31:29.580747',28),(34,'实体小说','stxs','',2,0,'2019-05-16 18:31:29.635750',27),(35,'侦探/悬疑/推理','zxt','',3,0,'2019-05-16 18:31:29.679753',34),(36,'玄幻/惊悚','xj','',3,0,'2019-05-16 18:31:29.725755',34),(37,'影视/娱乐','yy','',3,0,'2019-05-16 18:31:29.768758',34),(38,'爱情/情感','aq','',3,0,'2019-05-16 18:31:29.813760',34),(39,'武侠小说','wxxs','',3,0,'2019-05-16 18:31:29.868763',34),(40,'文艺作品','wyzp','',2,0,'2019-05-16 18:31:29.924767',27),(41,'传记','zj','',3,0,'2019-05-16 18:31:29.979770',40),(42,'随笔','sb','',3,0,'2019-05-16 18:31:30.122778',40),(43,'文学作品集','wxzpj','',3,0,'2019-05-16 18:31:30.244785',40),(44,'纪实文学','jswx','',3,0,'2019-05-16 18:31:30.288787',40),(45,'摄影','sy','',3,0,'2019-05-16 18:31:30.333790',40),(46,'经管','jg','',2,0,'2019-05-16 18:31:30.377793',27),(47,'成功/励志','cglz','',3,0,'2019-05-16 18:31:30.421795',46),(48,'管理','gl','',3,0,'2019-05-16 18:31:30.466798',46),(49,'投资理财','tzlc','',3,0,'2019-05-16 18:31:30.510800',46),(50,'经济','jj','',3,0,'2019-05-16 18:31:30.611806',46),(51,'社科','jg','',2,0,'2019-05-16 18:31:30.654808',27),(52,'历史','ls','',3,0,'2019-05-16 18:31:31.141836',51),(53,'心理学','xlx','',3,0,'2019-05-16 18:31:31.467855',51),(54,'哲学','zx','',3,0,'2019-05-16 18:31:31.830876',51),(55,'政治/军事','zzjs','',3,0,'2019-05-16 18:31:31.905880',51),(56,'社会科学','shkx','',3,0,'2019-05-16 18:31:31.949882',51),(57,'古籍','gj','',3,0,'2019-05-16 18:31:32.071889',51),(58,'法律','fl','',3,0,'2019-05-16 18:31:32.137893',51),(59,'生活读物','shdw','',2,0,'2019-05-16 18:31:32.181896',27),(60,'亲子/家教','qzjj','',3,0,'2019-05-16 18:31:32.227898',59),(61,'育儿/早教','yezj','',3,0,'2019-05-16 18:31:32.270901',59),(62,'两性关系','lxgx','',3,0,'2019-05-16 18:31:32.310903',59),(63,'孕产/胎教','yctj','',3,0,'2019-05-16 18:31:32.359906',59),(64,'保健/养生','bjys','',3,0,'2019-05-16 18:31:32.436910',59),(65,'旅游/地图','lydt','',3,0,'2019-05-16 18:31:32.480913',59),(66,'烹饪/美食','prms','',3,0,'2019-05-16 18:31:32.529916',59),(67,'教育科技','jykj','',2,0,'2019-05-16 18:31:32.569918',27),(68,'考试','ks','',3,0,'2019-05-16 18:31:32.624921',67),(69,'外语','wy','',3,0,'2019-05-16 18:31:32.835933',67),(70,'中小学教辅','zxxj','',3,0,'2019-05-16 18:31:33.020944',67),(71,'工具书','gjs','',3,0,'2019-05-16 18:31:33.178953',67),(72,'科普读物','kpdw','',3,0,'2019-05-16 18:31:33.222955',67),(73,'计算机/网络','jsjw','',3,0,'2019-05-16 18:31:33.266958',67),(74,'自然科学','zrkx','',3,0,'2019-05-16 18:31:33.310960',67),(75,'小说','xs','',1,1,'2019-05-16 18:31:33.357963',NULL),(76,'小说','xs','',2,0,'2019-05-16 18:31:33.421967',75),(77,'中国当代小说','ddxs','',3,0,'2019-05-16 18:31:33.465969',76),(78,'中国近现代小说','jxdx','',3,0,'2019-05-16 18:31:33.521972',76),(79,'中国古典小说','gdxx','',3,0,'2019-05-16 18:31:33.591976',76),(80,'四大名著','sdmz','',3,0,'2019-05-16 18:31:33.652980',76),(81,'港澳台小说','gat','',3,0,'2019-05-16 18:31:33.698982',76),(82,'外国小说','wgxx','',3,0,'2019-05-16 18:31:33.826990',76),(83,'侦探/悬疑/推理','zxt','',3,0,'2019-05-16 18:31:33.890993',76),(84,'魔幻','mh','',3,0,'2019-05-16 18:31:33.943996',76),(85,'科幻','kh','',3,0,'2019-05-16 18:31:33.998000',76),(86,'武侠','wx','',3,0,'2019-05-16 18:31:34.175010',76),(87,'军事','js','',3,0,'2019-05-16 18:31:34.219012',76),(88,'情感','qg','',3,0,'2019-05-16 18:31:34.275015',76),(89,'社会','sh','',3,0,'2019-05-16 18:31:34.319018',76),(90,'都市','ds','',3,0,'2019-05-16 18:31:34.363020',76),(91,'乡土','xt','',3,0,'2019-05-16 18:31:34.408023',76),(92,'职场','zc','',3,0,'2019-05-16 18:31:34.452026',76),(93,'财经','cj','',3,0,'2019-05-16 18:31:34.507029',76),(94,'官场','gc','',3,0,'2019-05-16 18:31:34.551031',76),(95,'历史','ls','',3,0,'2019-05-16 18:31:34.596034',76),(96,'影视小说','ysxx','',3,0,'2019-05-16 18:31:34.751043',76),(97,'作品集','zpj','',3,0,'2019-05-16 18:31:34.883050',76),(98,'世界名著','sjmz','',3,0,'2019-05-16 18:31:34.928053',76),(99,'文艺','wlwx','',1,1,'2019-05-16 18:31:34.984056',NULL),(100,'文学','wx','',2,0,'2019-05-16 18:31:35.105063',99),(101,'文集','wj','',3,0,'2019-05-16 18:31:35.172067',100),(102,'纪实文学','jswx','',3,0,'2019-05-16 18:31:35.216069',100),(103,'文学理论','wxll','',3,0,'2019-05-16 18:31:35.271072',100),(104,'中国古诗词','gsc','',3,0,'2019-05-16 18:31:35.316075',100),(105,'中国现当代诗歌','xdsg','',3,0,'2019-05-16 18:31:35.359077',100),(106,'外国诗歌','wgsg','',3,0,'2019-05-16 18:31:35.404080',100),(107,'中国古代随笔','gdsb','',3,0,'2019-05-16 18:31:35.448083',100),(108,'外国随笔','wgsb','',3,0,'2019-05-16 18:31:35.492085',100),(109,'戏剧','xj','',3,0,'2019-05-16 18:31:35.570090',100),(110,'民间文学','mjwx','',3,0,'2019-05-16 18:31:35.614092',100),(111,'文学类考试','wxks','',3,0,'2019-05-16 18:31:35.892108',100),(112,'英文原版书-文学','ywyb','',3,0,'2019-05-16 18:31:36.179124',100),(113,'名家作品','mjzp','',3,0,'2019-05-16 18:31:37.174181',100),(114,'文学评论与鉴赏','wxpj','',3,0,'2019-05-16 18:31:37.793217',100),(115,'传记','zj','',2,0,'2019-05-16 18:31:39.477313',99),(116,'财经人物','cjrw','',3,0,'2019-05-16 18:31:39.935339',115),(117,'历代帝王','lddw','',3,0,'2019-05-16 18:31:40.064347',115),(118,'领袖首脑','lxsn','',3,0,'2019-05-16 18:31:40.165352',115),(119,'军事人物','jsrw','',3,0,'2019-05-16 18:31:40.230356',115),(120,'政治人物','zzrw','',3,0,'2019-05-16 18:31:40.274359',115),(121,'历史人物','lsrw','',3,0,'2019-05-16 18:31:40.319361',115),(122,'女性人物','nxrw','',3,0,'2019-05-16 18:31:40.374364',115),(123,'法律人物','flrw','',3,0,'2019-05-16 18:31:40.419367',115),(124,'宗教人物','zjrw','',3,0,'2019-05-16 18:31:40.463369',115),(125,'哲学家','zxj','',3,0,'2019-05-16 18:31:40.507372',115),(126,'人文/社会学家','rwsh','',3,0,'2019-05-16 18:31:40.573376',115),(127,'教育家','jyj','',3,0,'2019-05-16 18:31:40.628379',115),(128,'语言文字学家','yywx','',3,0,'2019-05-16 18:31:40.828390',115),(129,'文学家','wxj','',3,0,'2019-05-16 18:31:40.917395',115),(130,'艺术家','ysj','',3,0,'2019-05-16 18:31:40.972398',115),(131,'科学家','kxj','',3,0,'2019-05-16 18:31:41.104406',115),(132,'国学大师','gxds','',3,0,'2019-05-16 18:31:41.196411',115),(133,'影视明星','ysmx','',3,0,'2019-05-16 18:31:41.259415',115),(134,'体育明星','tymx','',3,0,'2019-05-16 18:31:41.304417',115),(135,'人物合集','rwhj','',3,0,'2019-05-16 18:31:41.348420',115),(136,'传记的研究与编写','zjyj','',3,0,'2019-05-16 18:31:41.392423',115),(137,'家族研究/谱系','jzyj','',3,0,'2019-05-16 18:31:41.437425',115),(138,'年谱','np','',3,0,'2019-05-16 18:31:41.477427',115),(139,'自传','zz','',3,0,'2019-05-16 18:31:41.525430',115),(140,'画传','hz','',3,0,'2019-05-16 18:31:41.570433',115),(141,'学者','xz','',3,0,'2019-05-16 18:31:41.625436',115),(142,'其他','qt','',3,0,'2019-05-16 18:31:41.669438',115),(143,'英文原版书-传记','ywyb','',3,0,'2019-05-16 18:31:41.713441',115),(144,'建筑设计师','jzsj','',3,0,'2019-05-16 18:31:41.780445',115),(145,'艺术','ys','',2,0,'2019-05-16 18:31:41.836448',99),(146,'艺术理论','ysll','',3,0,'2019-05-16 18:31:41.902452',145),(147,'世界各国艺术概况','sjys','',3,0,'2019-05-16 18:31:41.947454',145),(148,'绘画','hh','',3,0,'2019-05-16 18:31:42.057461',145),(149,'书法/篆刻','sfzk','',3,0,'2019-05-16 18:31:42.134465',145),(150,'影视/媒体艺术','ysmt','',3,0,'2019-05-16 18:31:42.178467',145),(151,'戏剧艺术/舞台艺术','xjwt','',3,0,'2019-05-16 18:31:42.222470',145),(152,'音乐','yy','',3,0,'2019-05-16 18:31:42.301475',145),(153,'舞蹈','wd','',3,0,'2019-05-16 18:31:42.345477',145),(154,'雕塑','ds','',3,0,'2019-05-16 18:31:42.400480',145),(155,'设计','sj','',3,0,'2019-05-16 18:31:42.444483',145),(156,'人体艺术','rtys','',3,0,'2019-05-16 18:31:42.488485',145),(157,'工艺美术','gyms','',3,0,'2019-05-16 18:31:42.533488',145),(158,'民间艺术','mjys','',3,0,'2019-05-16 18:31:42.577490',145),(159,'建筑艺术','jzys','',3,0,'2019-05-16 18:31:42.621493',145),(160,'艺术类考试','yslks','',3,0,'2019-05-16 18:31:42.721499',145),(161,'收藏/鉴赏','scjs','',3,0,'2019-05-16 18:31:42.829505',145),(162,'小人书/连环画','xrs','',3,0,'2019-05-16 18:31:42.887508',145),(163,'英文原版书-艺术','ywys','',3,0,'2019-05-16 18:31:42.931511',145),(164,'摄影','sy','',2,0,'2019-05-16 18:31:42.975513',99),(165,'摄影理论','syll','',3,0,'2019-05-16 18:31:43.103520',164),(166,'摄影入门','syrm','',3,0,'2019-05-16 18:31:43.185525',164),(167,'分类摄影','flsy','',3,0,'2019-05-16 18:31:43.230528',164),(168,'摄影进阶','syjj','',3,0,'2019-05-16 18:31:43.274530',164),(169,'摄影器材','syqc','',3,0,'2019-05-16 18:31:43.319533',164),(170,'技法/教程','jfjc','',3,0,'2019-05-16 18:31:43.363535',164),(171,'后期处理','hqcl','',3,0,'2019-05-16 18:31:43.418538',164),(172,'作品集/作品赏析','zpsx','',3,0,'2019-05-16 18:31:43.462541',164),(173,'英文原版书-摄影','ywsy','',3,0,'2019-05-16 18:31:43.506543',164),(174,'青春文学/动漫~幽默','qcdm','',1,0,'2019-05-16 18:31:43.551546',NULL),(175,'青春文学','qcwx','',2,0,'2019-05-16 18:31:43.597549',174),(176,'校园','xy','',3,0,'2019-05-16 18:31:43.639551',175),(177,'爱情/情感','aqqg','',3,0,'2019-05-16 18:31:43.706555',175),(178,'叛逆/成长','pncz','',3,0,'2019-05-16 18:31:43.751557',175),(179,'悬疑/惊悚','xyjs','',3,0,'2019-05-16 18:31:43.795560',175),(180,'娱乐/偶像','ylox','',3,0,'2019-05-16 18:31:43.839562',175),(181,'爆笑/无厘头','bxwl','',3,0,'2019-05-16 18:31:43.883565',175),(182,'玄幻/新武侠/魔幻/科幻','xhmh','',3,0,'2019-05-16 18:31:43.938568',175),(183,'大陆原创','dlyc','',3,0,'2019-05-16 18:31:43.983571',175),(184,'港台青春文学','gtqc','',3,0,'2019-05-16 18:31:44.106578',175),(185,'韩国青春文学','hgqc','',3,0,'2019-05-16 18:31:44.286588',175),(186,'穿越/重生/架空','cycs','',3,0,'2019-05-16 18:31:44.337591',175),(187,'其他国外青春文学','wgqc','',3,0,'2019-05-16 18:31:44.393594',175),(188,'影视写真','ysxz','',3,0,'2019-05-16 18:31:44.437597',175),(189,'古代言情','gdyq','',3,0,'2019-05-16 18:31:44.484599',175),(190,'动漫~幽默','dmym','',2,0,'2019-05-16 18:31:44.525602',174),(191,'大陆漫画','dlmh','',3,0,'2019-05-16 18:31:44.569604',190),(192,'港台漫画','gtmh','',3,0,'2019-05-16 18:31:44.636608',190),(193,'日韩漫画','rhmh','',3,0,'2019-05-16 18:31:44.756615',190),(194,'欧美漫画','ommh','',3,0,'2019-05-16 18:31:44.813618',190),(195,'其他国外漫画','gwmh','',3,0,'2019-05-16 18:31:44.857621',190),(196,'世界经典漫画集','jdmh','',3,0,'2019-05-16 18:31:44.924625',190),(197,'小说/名著漫画版','xsmh','',3,0,'2019-05-16 18:31:44.968627',190),(198,'动漫学堂','dmxt','',3,0,'2019-05-16 18:31:45.167638',190),(199,'幽默/笑话集','ymxh','',3,0,'2019-05-16 18:31:45.267644',190),(200,'轻小说','qxs','',3,0,'2019-05-16 18:31:45.345649',190),(201,'游戏同人作品','yxtr','',3,0,'2019-05-16 18:31:45.500657',190),(202,'画集','hj','',3,0,'2019-05-16 18:31:45.599663',190),(203,'动漫同人作品','dmtr','',3,0,'2019-05-16 18:31:45.641666',190),(204,'人文社科','rwsk','',1,1,'2019-05-16 18:31:45.688668',NULL),(205,'历史','ls','',2,0,'2019-05-16 18:31:45.732671',204),(206,'历史普及读物','lspj','',3,0,'2019-05-16 18:31:45.777673',205),(207,'中国史','zgs','',3,0,'2019-05-16 18:31:45.821676',205),(208,'世界史','sjs','',3,0,'2019-05-16 18:31:45.866678',205),(209,'史家名著','sjmz','',3,0,'2019-05-16 18:31:45.920682',205),(210,'文物考古','lskg','',3,0,'2019-05-16 18:31:45.964684',205),(211,'史学理论','sxll','',3,0,'2019-05-16 18:31:46.149695',205),(212,'历史随笔','lssb','',3,0,'2019-05-16 18:31:46.197697',205),(213,'史料典籍','sldj','',3,0,'2019-05-16 18:31:46.241700',205),(214,'地方史志','lssz','',3,0,'2019-05-16 18:31:46.285702',205),(215,'历史地理','lsdl','',3,0,'2019-05-16 18:31:46.329705',205),(216,'民族史','mzs','',3,0,'2019-05-16 18:31:46.374707',205),(217,'口述史','kss','',3,0,'2019-05-16 18:31:46.447712',205),(218,'逸闻野史','ywys','',3,0,'2019-05-16 18:31:46.495714',205),(219,'文化','wh','',2,0,'2019-05-16 18:31:46.540717',204),(220,'传统文化','ctwh','',3,0,'2019-05-16 18:31:46.585720',219),(221,'文化评述','whps','',3,0,'2019-05-16 18:31:46.628722',219),(222,'文化随笔','whsb','',3,0,'2019-05-16 18:31:46.717727',219),(223,'各国文化','ggwh','',3,0,'2019-05-16 18:31:46.850735',219),(224,'神秘文化','smwh','',3,0,'2019-05-16 18:31:46.895737',219),(225,'地域文化','dywh','',3,0,'2019-05-16 18:31:46.938740',219),(226,'古籍','gj','',2,0,'2019-05-16 18:31:46.982742',204),(227,'经部','sb','',3,0,'2019-05-16 18:31:47.082748',226),(228,'史类','sl','',3,0,'2019-05-16 18:31:47.215756',226),(229,'子部','zb','',3,0,'2019-05-16 18:31:47.259758',226),(230,'集部','jb','',3,0,'2019-05-16 18:31:47.327762',226),(231,'古籍工具书','gjgj','',3,0,'2019-05-16 18:31:47.370764',226),(232,'古籍整理','gjzl','',3,0,'2019-05-16 18:31:47.414767',226),(233,'善本影印本','sbyy','',3,0,'2019-05-16 18:31:47.459770',226),(234,'心理学','xlx','',2,0,'2019-05-16 18:31:47.514773',204),(235,'心理百科','xlbk','',3,0,'2019-05-16 18:31:47.558775',234),(236,'心理学著作','xlzz','',3,0,'2019-05-16 18:31:47.606778',234),(237,'心理咨询治疗','xlzx','',3,0,'2019-05-16 18:31:47.647780',234),(238,'心理学理论','xlll','',3,0,'2019-05-16 18:31:47.692783',234),(239,'心理学入门','xlrm','',3,0,'2019-05-16 18:31:47.736785',234),(240,'色彩心理学','scxl','',3,0,'2019-05-16 18:31:47.791789',234),(241,'积极心理学','jjxl','',3,0,'2019-05-16 18:31:47.835791',234),(242,'社会心理学','shxl','',3,0,'2019-05-16 18:31:47.880794',234),(243,'人格心理学','rgxl','',3,0,'2019-05-16 18:31:47.924796',234),(244,'儿童心理学','etxl','',3,0,'2019-05-16 18:31:47.968799',234),(245,'心灵疗愈','xlly','',3,0,'2019-05-16 18:31:48.121807',234),(246,'哲学/宗教','zxzj','',2,0,'2019-05-16 18:31:48.189811',204),(247,'古代哲学','gdzx','',3,0,'2019-05-16 18:31:48.236814',246),(248,'哲学知识读物','zxdw','',3,0,'2019-05-16 18:31:48.278816',246),(249,'世界哲学','zxsj','',3,0,'2019-05-16 18:31:48.322819',246),(250,'周易','zy','',3,0,'2019-05-16 18:31:48.388823',246),(251,'伦理学','llx','',3,0,'2019-05-16 18:31:48.433825',246),(252,'哲学与人生','zxrs','',3,0,'2019-05-16 18:31:48.477828',246),(253,'美学','mx','',3,0,'2019-05-16 18:31:48.521830',246),(254,'哲学史','zxs','',3,0,'2019-05-16 18:31:48.577834',246),(255,'近现代哲学','jdzx','',3,0,'2019-05-16 18:31:48.645837',246),(256,'宗教知识读物','zjzs','',3,0,'2019-05-16 18:31:48.732842',246),(257,'佛教','fj','',3,0,'2019-05-16 18:31:48.817847',246),(258,'基督教','jdj','',3,0,'2019-05-16 18:31:48.871850',246),(259,'道教','dj','',3,0,'2019-05-16 18:31:48.921853',246),(260,'术数/命理','ssml','',3,0,'2019-05-16 18:31:48.964856',246),(261,'成功/励志','cglz','',1,0,'2019-05-16 18:31:49.086863',NULL),(262,'成功/励志','cglz','',2,0,'2019-05-16 18:31:49.186868',261),(263,'人生哲学','rszx','',3,0,'2019-05-16 18:31:49.252872',262),(264,'成功/激励','cglz','',3,0,'2019-05-16 18:31:49.296875',262),(265,'心灵与修养','xlxy','',3,0,'2019-05-16 18:31:49.340877',262),(266,'性格与习惯','xgxg','',3,0,'2019-05-16 18:31:49.396880',262),(267,'智商/智谋','zszm','',3,0,'2019-05-16 18:31:49.501886',262),(268,'情商/情绪管理','qsqx','',3,0,'2019-05-16 18:31:49.562890',262),(269,'财商/财富智慧','cscf','',3,0,'2019-05-16 18:31:49.607892',262),(270,'人在职场','rzzc','',3,0,'2019-05-16 18:31:49.651895',262),(271,'人际交往','rjjw','',3,0,'2019-05-16 18:31:49.695897',262),(272,'处世学','csx','',3,0,'2019-05-16 18:31:49.761901',262),(273,'礼仪','ly','',3,0,'2019-05-16 18:31:49.805904',262),(274,'口才/演讲/辩论','kcyj','',3,0,'2019-05-16 18:31:49.850906',262),(275,'青少年励志','qslz','',3,0,'2019-05-16 18:31:49.894909',262),(276,'出国/留学','cglx','',3,0,'2019-05-16 18:31:49.938911',262),(277,'名言/格言','mygy','',3,0,'2019-05-16 18:31:49.984914',262),(278,'励志小品','lzxp','',3,0,'2019-05-16 18:31:50.182925',262),(279,'男性励志','nxlx','',3,0,'2019-05-16 18:31:50.248929',262),(280,'女性励志','nrlz','',3,0,'2019-05-16 18:31:50.292932',262),(281,'名人励志','mrlz','',3,0,'2019-05-16 18:31:50.337934',262),(282,'励志经典著作','lzjd','',3,0,'2019-05-16 18:31:50.404938',262),(283,'英文原版书-成功励志','ywcg','',3,0,'2019-05-16 18:31:50.448941',262),(284,'科技','kj','',1,1,'2019-05-16 18:31:50.492943',NULL),(285,'科普读物','kpdw','',2,0,'2019-05-16 18:31:50.536946',284),(286,'宇宙知识','yzzs','',3,0,'2019-05-16 18:31:50.580948',285),(287,'人类故事','rlgs','',3,0,'2019-05-16 18:31:50.768959',285),(288,'生物世界','swsj','',3,0,'2019-05-16 18:31:51.666010',285),(289,'科学世界','kxsj','',3,0,'2019-05-16 18:31:51.732014',285),(290,'生态环境','sthj','',3,0,'2019-05-16 18:31:51.821019',285),(291,'百科知识','bkzs','',3,0,'2019-05-16 18:31:51.865022',285),(292,'英文原版书-科普','ywkp','',3,0,'2019-05-16 18:31:51.910024',285),(293,'建筑','jz','',2,0,'2019-05-16 18:31:51.954027',284),(294,'建筑史与建筑文化','jzs','',3,0,'2019-05-16 18:31:52.087034',293),(295,'建筑科学','jzkx','',3,0,'2019-05-16 18:31:52.142037',293),(296,'建筑外观设计','jzsj','',3,0,'2019-05-16 18:31:52.187040',293),(297,'室内设计/装潢装修','snsj','',3,0,'2019-05-16 18:31:52.230042',293),(298,'建筑施工与监理','jzsg','',3,0,'2019-05-16 18:31:52.275045',293),(299,'工程经济与管理','gcgl','',3,0,'2019-05-16 18:31:52.320048',293),(300,'城乡规划/市政工程','cxgh','',3,0,'2019-05-16 18:31:52.375051',293),(301,'园林景观/环境艺术','yljg','',3,0,'2019-05-16 18:31:52.419053',293),(302,'标准/规范','bzgf','',3,0,'2019-05-16 18:31:52.463056',293),(303,'建筑教材/教辅','jzjc','',3,0,'2019-05-16 18:31:52.508058',293),(304,'执业资格考试用书','zyzg','',3,0,'2019-05-16 18:31:52.551061',293),(305,'英文原版书-建筑','ywjz','',3,0,'2019-05-16 18:31:52.873079',293),(306,'医学','yx','',2,0,'2019-05-16 18:31:52.917082',284),(307,'预防医学/卫生学','yfyx','',3,0,'2019-05-16 18:31:52.962084',306),(308,'临床医学理论','lcyx','',3,0,'2019-05-16 18:31:53.119093',306),(309,'内科学','nkx','',3,0,'2019-05-16 18:31:53.204098',306),(310,'外科学','wkx','',3,0,'2019-05-16 18:31:53.249101',306),(311,'妇产科学','fckx','',3,0,'2019-05-16 18:31:53.293103',306),(312,'儿科学','ekx','',3,0,'2019-05-16 18:31:53.338106',306),(313,'其他临床医学','lcyx','',3,0,'2019-05-16 18:31:53.383108',306),(314,'护理学','hlx','',3,0,'2019-05-16 18:31:53.437111',306),(315,'医技学','yjx','',3,0,'2019-05-16 18:31:53.481114',306),(316,'中医','zy','',3,0,'2019-05-16 18:31:53.526117',306),(317,'药学','yx','',3,0,'2019-05-16 18:31:53.570119',306),(318,'医学/药学考试','yxks','',3,0,'2019-05-16 18:31:53.638123',306),(319,'医学/药学教材','yxjc','',3,0,'2019-05-16 18:31:53.680125',306),(320,'医学工具书','yxgj','',3,0,'2019-05-16 18:31:53.725128',306),(321,'医院管理','yygl','',3,0,'2019-05-16 18:31:53.791132',306),(322,'医疗器械及使用','ylqx','',3,0,'2019-05-16 18:31:53.836134',306),(323,'英文原版书-医学','ywyx','',3,0,'2019-05-16 18:31:53.881137',306),(324,'计算机/网络','jsjw','',2,0,'2019-05-16 18:31:53.924139',284),(325,'计算机理论','jsjl','',3,0,'2019-05-16 18:31:53.969142',324),(326,'硬件 外部设备 维修','yjws','',3,0,'2019-05-16 18:31:54.113150',324),(327,'操作系统/系统开发','czxt','',3,0,'2019-05-16 18:31:54.157153',324),(328,'数据库','sjk','',3,0,'2019-05-16 18:31:54.202155',324),(329,'程序设计','cxsj','',3,0,'2019-05-16 18:31:54.245158',324),(330,'网络与数据通信','wltx','',3,0,'2019-05-16 18:31:54.290160',324),(331,'图形图像 多媒体','txtx','',3,0,'2019-05-16 18:31:54.345163',324),(332,'CAD CAM CAE','cad','',3,0,'2019-05-16 18:31:54.390166',324),(333,'软件工程/开发项目管理','rjgc','',3,0,'2019-05-16 18:31:54.433168',324),(334,'行业软件及应用','hyrj','',3,0,'2019-05-16 18:31:54.478171',324),(335,'人工智能','rgzn','',3,0,'2019-05-16 18:31:54.522173',324),(336,'家庭与办公室用书','jtbg','',3,0,'2019-05-16 18:31:54.578177',324),(337,'计算机考试 认证','ksrz','',3,0,'2019-05-16 18:31:54.622179',324),(338,'管理信息系统(MIS)','glxx','',3,0,'2019-05-16 18:31:54.865193',324),(339,'地理信息管理系统（GIS)','dlxx','',3,0,'2019-05-16 18:31:54.965199',324),(340,'企业软件开发与实施','qyrj','',3,0,'2019-05-16 18:31:55.086206',324),(341,'信息安全','xxaq','',3,0,'2019-05-16 18:31:55.186211',324),(342,'项目管理 IT人文','xmgl','',3,0,'2019-05-16 18:31:55.232214',324),(343,'电脑杂志——合订本','dnzz','',3,0,'2019-05-16 18:31:55.274217',324),(344,'计算机体系结构','txjg','',3,0,'2019-05-16 18:31:55.319219',324),(345,'数码全攻略','smgl','',3,0,'2019-05-16 18:31:55.363222',324),(346,'影印版','yyb','',3,0,'2019-05-16 18:31:55.405224',324),(347,'计算机教材','jsjc','',3,0,'2019-05-16 18:31:55.452227',324),(348,'农业/林业','nyly','',2,0,'2019-05-16 18:31:55.496229',284),(349,'农业基础科学','nyjc','',3,0,'2019-05-16 18:31:55.540232',348),(350,'农业工程','nygc','',3,0,'2019-05-16 18:31:55.585234',348),(351,'农学(农艺学)','nx','',3,0,'2019-05-16 18:31:55.629237',348),(352,'植物保护','zwbh','',3,0,'2019-05-16 18:31:55.696241',348),(353,'农作物','nzw','',3,0,'2019-05-16 18:31:55.740243',348),(354,'园艺','yy','',3,0,'2019-05-16 18:31:55.783246',348),(355,'林业','ly','',3,0,'2019-05-16 18:31:55.828248',348),(356,'畜牧/狩猎/蚕/蜂','mxsl','',3,0,'2019-05-16 18:31:55.895252',348),(357,'水产/渔业','scyy','',3,0,'2019-05-16 18:31:55.939255',348),(358,'动物医学','dwyx','',3,0,'2019-05-16 18:31:56.008258',348),(359,'农林音像','nlyx','',3,0,'2019-05-16 18:31:56.184269',348),(360,'自然科学','zrkx','',2,0,'2019-05-16 18:31:56.250272',284),(361,'总论','zl','',3,0,'2019-05-16 18:31:56.293275',360),(362,'数学','sx','',3,0,'2019-05-16 18:31:56.349278',360),(363,'力学','lx','',3,0,'2019-05-16 18:31:56.393281',360),(364,'物理学','wlx','',3,0,'2019-05-16 18:31:56.438283',360),(365,'化学','hx','',3,0,'2019-05-16 18:31:56.481286',360),(366,'天文学','twx','',3,0,'2019-05-16 18:31:56.526288',360),(367,'地球科学','dlkx','',3,0,'2019-05-16 18:31:56.569291',360),(368,'生物科学','swkx','',3,0,'2019-05-16 18:31:56.625294',360),(369,'科技史','kxs','',3,0,'2019-05-16 18:31:56.902310',360),(370,'自然科学类考试','zrkx','',3,0,'2019-05-16 18:31:56.991315',360),(371,'英文原版书-自然科学','yezr','',3,0,'2019-05-16 18:31:57.146324',360),(372,'工业技术','gyjs','',2,0,'2019-05-16 18:31:57.223328',284),(373,'一般工业技术','ybgy','',3,0,'2019-05-16 18:31:57.267331',372),(374,'机械/仪表工业','jxyb','',3,0,'2019-05-16 18:31:57.312333',372),(375,'电工技术','dzjs','',3,0,'2019-05-16 18:31:57.356336',372),(376,'电子 通信','dztx','',3,0,'2019-05-16 18:31:57.399338',372),(377,'化学工业','hxgy','',3,0,'2019-05-16 18:31:57.445341',372),(378,'冶金工业','yjgy','',3,0,'2019-05-16 18:31:57.578348',372),(379,'矿业工程','kygc','',3,0,'2019-05-16 18:31:57.621351',372),(380,'石油/天然气工业','sytr','',3,0,'2019-05-16 18:31:57.666353',372),(381,'金属学与金属工艺','jsgy','',3,0,'2019-05-16 18:31:57.721356',372),(382,'武器工业','wqgy','',3,0,'2019-05-16 18:31:57.766359',372),(383,'能源与动力工程','nydl','',3,0,'2019-05-16 18:31:57.866365',372),(384,'原子能技术','yzn','',3,0,'2019-05-16 18:31:58.090378',372),(385,'轻工业/手工业','qgsg','',3,0,'2019-05-16 18:31:58.350392',372),(386,'水利工程','slgc','',3,0,'2019-05-16 18:31:58.522402',372),(387,'汽车与交通运输','qcjt','',3,0,'2019-05-16 18:31:58.642409',372),(388,'航空/航天','hkht','',3,0,'2019-05-16 18:31:59.009430',372),(389,'环境科学','hjkx','',3,0,'2019-05-16 18:31:59.371451',372),(390,'安全科学','aqkx','',3,0,'2019-05-16 18:31:59.618465',372),(391,'工具书/标准','gjs','',3,0,'2019-05-16 18:31:59.715471',372),(392,'原版书','ybs','',3,0,'2019-05-16 18:31:59.830477',372),(393,'英文原版书-工业技术','ywgy','',3,0,'2019-05-16 18:31:59.891481',372);
/*!40000 ALTER TABLE `goods_goodscategory` ENABLE KEYS */;
UNLOCK TABLES;

--
-- Table structure for table `goods_goodsimage`
--

DROP TABLE IF EXISTS `goods_goodsimage`;
/*!40101 SET @saved_cs_client     = @@character_set_client */;
/*!40101 SET character_set_client = utf8 */;
CREATE TABLE `goods_goodsimage` (
  `id` int(11) NOT NULL AUTO_INCREMENT,
  `image` varchar(100) DEFAULT NULL,
  `add_time` datetime(6) NOT NULL,
  `goods_id` int(11) NOT NULL,
  PRIMARY KEY (`id`),
  KEY `goods_goodsimage_goods_id_08cb23b1_fk_goods_goods_id` (`goods_id`),
  CONSTRAINT `goods_goodsimage_goods_id_08cb23b1_fk_goods_goods_id` FOREIGN KEY (`goods_id`) REFERENCES `goods_goods` (`id`)
) ENGINE=InnoDB AUTO_INCREMENT=167 DEFAULT CHARSET=utf8;
/*!40101 SET character_set_client = @saved_cs_client */;

--
-- Dumping data for table `goods_goodsimage`
--

LOCK TABLES `goods_goodsimage` WRITE;
/*!40000 ALTER TABLE `goods_goodsimage` DISABLE KEYS */;
INSERT INTO `goods_goodsimage` VALUES (1,'goods/images/23485740-1_w_11.jpg','2019-05-16 18:32:00.226500',1),(2,'goods/images/23485740-2_u_6.jpg','2019-05-16 18:32:00.226500',1),(3,'goods/images/23776739-1_u_2.jpg','2019-05-16 18:32:00.511516',2),(4,'goods/images/23776739-2_u_3.jpg','2019-05-16 18:32:00.511516',2),(5,'goods/images/23776739-3_u_4.jpg','2019-05-16 18:32:00.511516',2),(6,'goods/images/23776739-4_u_3.jpg','2019-05-16 18:32:00.511516',2),(7,'goods/images/25229916-1_w_2.jpg','2019-05-16 18:32:00.971542',3),(8,'goods/images/25229916-2_u_3.jpg','2019-05-16 18:32:00.972542',3),(9,'goods/images/25229916-3_u_3.jpg','2019-05-16 18:32:00.972542',3),(10,'goods/images/20923655-1_w_9.jpg','2019-05-16 18:32:01.305561',4),(11,'goods/images/23198676-2_u_5.jpg','2019-05-16 18:32:01.498573',5),(12,'goods/images/23198676-3_u_4.jpg','2019-05-16 18:32:01.498573',5),(13,'goods/images/23198676-4_u_3.jpg','2019-05-16 18:32:01.498573',5),(14,'goods/images/23198676-5_u_4.jpg','2019-05-16 18:32:01.499573',5),(15,'goods/images/23318861-1_u_6.jpg','2019-05-16 18:32:01.607579',6),(16,'goods/images/23318861-3_u_2.jpg','2019-05-16 18:32:01.607579',6),(17,'goods/images/23318861-4_u_2.jpg','2019-05-16 18:32:01.607579',6),(18,'goods/images/23318861-5_u_2.jpg','2019-05-16 18:32:01.607579',6),(19,'goods/images/25325228-1_u_7.jpg','2019-05-16 18:32:01.696584',7),(20,'goods/images/25325228-2_u_2.jpg','2019-05-16 18:32:01.696584',7),(21,'goods/images/25325228-3_u_2.jpg','2019-05-16 18:32:01.696584',7),(22,'goods/images/25325228-4_u_3.jpg','2019-05-16 18:32:01.696584',7),(23,'goods/images/25260395-1_u_8.jpg','2019-05-16 18:32:01.862593',8),(24,'goods/images/25260395-4_u_3.jpg','2019-05-16 18:32:01.862593',8),(25,'goods/images/25260395-3_u_10.jpg','2019-05-16 18:32:01.862593',8),(26,'goods/images/25260395-5_u_3.jpg','2019-05-16 18:32:01.862593',8),(27,'goods/images/25219212-2_u_5.jpg','2019-05-16 18:32:01.950598',9),(28,'goods/images/25219212-4_u_3.jpg','2019-05-16 18:32:01.950598',9),(29,'goods/images/25219212-1_u_12.jpg','2019-05-16 18:32:01.950598',9),(30,'goods/images/25219212-3_u_3.jpg','2019-05-16 18:32:01.950598',9),(31,'goods/images/23275009-1_u_1.jpg','2019-05-16 18:32:02.183612',10),(32,'goods/images/23275009-2_u_3.jpg','2019-05-16 18:32:02.183612',10),(33,'goods/images/23275009-3_u_3.jpg','2019-05-16 18:32:02.183612',10),(34,'goods/images/23275009-4_u_3.jpg','2019-05-16 18:32:02.183612',10),(35,'goods/images/23298590-1_u_4.jpg','2019-05-16 18:32:02.270617',11),(36,'goods/images/20368063-1_u_4.jpg','2019-05-16 18:32:02.426626',12),(37,'goods/images/23940520-1_u_9.jpg','2019-05-16 18:32:02.592635',13),(38,'goods/images/23940520-2_u_3.jpg','2019-05-16 18:32:02.592635',13),(39,'goods/images/23940520-3_u_2.jpg','2019-05-16 18:32:02.592635',13),(40,'goods/images/23315903-1_u_2.jpg','2019-05-16 18:32:02.870651',14),(41,'goods/images/25263398-1_u_3.jpg','2019-05-16 18:32:03.074663',15),(42,'goods/images/25263398-3_u_3.jpg','2019-05-16 18:32:03.074663',15),(43,'goods/images/25263398-5_u_2.jpg','2019-05-16 18:32:03.074663',15),(44,'goods/images/23407125-1_u_1.jpg','2019-05-16 18:32:03.290675',16),(45,'goods/images/23981715-1_u_12.jpg','2019-05-16 18:32:03.423683',17),(46,'goods/images/23981715-3_u_4.jpg','2019-05-16 18:32:03.423683',17),(47,'goods/images/23981715-4_u_5.jpg','2019-05-16 18:32:03.423683',17),(48,'goods/images/25067469-1_u_2.jpg','2019-05-16 18:32:03.589692',18),(49,'goods/images/25067469-3_u_1.jpg','2019-05-16 18:32:03.589692',18),(50,'goods/images/25067469-4_u_1.jpg','2019-05-16 18:32:03.589692',18),(51,'goods/images/25091039-1_u_2.jpg','2019-05-16 18:32:04.021717',19),(52,'goods/images/25091039-3_u_1.jpg','2019-05-16 18:32:04.021717',19),(53,'goods/images/25091039-4_u_1.jpg','2019-05-16 18:32:04.021717',19),(54,'goods/images/25091039-5_u_1.jpg','2019-05-16 18:32:04.021717',19),(55,'goods/images/23845428-1_u_4.jpg','2019-05-16 18:32:04.287732',20),(56,'goods/images/23845428-2_u_4.jpg','2019-05-16 18:32:04.287732',20),(57,'goods/images/25192829-1_u_3.jpg','2019-05-16 18:32:04.376737',21),(58,'goods/images/25192829-2_u_3.jpg','2019-05-16 18:32:04.376737',21),(59,'goods/images/25197067-1_u_3.jpg','2019-05-16 18:32:04.475743',22),(60,'goods/images/25197067-2_u_3.jpg','2019-05-16 18:32:04.475743',22),(61,'goods/images/25197067-3_u_3.jpg','2019-05-16 18:32:04.475743',22),(62,'goods/images/24012812-1_u_20.jpg','2019-05-16 18:32:04.585749',23),(63,'goods/images/24012812-3_u_9.jpg','2019-05-16 18:32:04.585749',23),(64,'goods/images/24012812-4_u_3.jpg','2019-05-16 18:32:04.585749',23),(65,'goods/images/24012812-5_u_2.jpg','2019-05-16 18:32:04.585749',23),(66,'goods/images/25585686-1_u_2.jpg','2019-05-16 18:32:04.962771',24),(67,'goods/images/25585686-3_u_2.jpg','2019-05-16 18:32:04.963771',24),(68,'goods/images/25585686-2_u_2.jpg','2019-05-16 18:32:04.963771',24),(69,'goods/images/25306180-1_u_3.jpg','2019-05-16 18:32:05.570805',25),(70,'goods/images/25306180-2_u_3.jpg','2019-05-16 18:32:05.570805',25),(71,'goods/images/25293103-1_u_2.jpg','2019-05-16 18:32:05.659811',26),(72,'goods/images/25293103-2_u_2.jpg','2019-05-16 18:32:05.659811',26),(73,'goods/images/25280228-1_u_3.jpg','2019-05-16 18:32:05.748816',27),(74,'goods/images/25280228-2_u_3.jpg','2019-05-16 18:32:05.748816',27),(75,'goods/images/25322720-1_u_3.jpg','2019-05-16 18:32:05.859822',28),(76,'goods/images/25322720-3_u_1.jpg','2019-05-16 18:32:05.859822',28),(77,'goods/images/25322720-5_u_2.jpg','2019-05-16 18:32:05.859822',28),(78,'goods/images/25322720-4_u_3.jpg','2019-05-16 18:32:05.859822',28),(79,'goods/images/25283483-1_u_3.jpg','2019-05-16 18:32:05.947827',29),(80,'goods/images/25283483-2_u_3.jpg','2019-05-16 18:32:05.947827',29),(81,'goods/images/25301081-1_u_3.jpg','2019-05-16 18:32:06.332849',30),(82,'goods/images/25301081-2_u_3.jpg','2019-05-16 18:32:06.332849',30),(83,'goods/images/25299386-1_u_2.jpg','2019-05-16 18:32:06.435855',31),(84,'goods/images/25299386-2_u_2.jpg','2019-05-16 18:32:06.435855',31),(85,'goods/images/26516198-1_u_3.jpg','2019-05-16 18:32:06.523860',32),(86,'goods/images/26516198-2_u_2.jpg','2019-05-16 18:32:06.524860',32),(87,'goods/images/26516198-3_u_2.jpg','2019-05-16 18:32:06.524860',32),(88,'goods/images/26516198-4_u_2.jpg','2019-05-16 18:32:06.524860',32),(89,'goods/images/27848478-1_u_3.jpg','2019-05-16 18:32:06.633866',33),(90,'goods/images/27848478-2_u_3.jpg','2019-05-16 18:32:06.634866',33),(91,'goods/images/26510599-1_u_2.jpg','2019-05-16 18:32:06.846878',34),(92,'goods/images/26510599-3_u_2.jpg','2019-05-16 18:32:06.846878',34),(93,'goods/images/26510599-5_u_2.jpg','2019-05-16 18:32:06.846878',34),(94,'goods/images/26510599-4_u_2.jpg','2019-05-16 18:32:06.846878',34),(95,'goods/images/25298821-1_u_3.jpg','2019-05-16 18:32:06.977886',35),(96,'goods/images/25298821-2_u_2.jpg','2019-05-16 18:32:06.977886',35),(97,'goods/images/25298821-3_u_3.jpg','2019-05-16 18:32:06.977886',35),(98,'goods/images/25298821-4_u_3.jpg','2019-05-16 18:32:06.977886',35),(99,'goods/images/25154036-1_u_3.jpg','2019-05-16 18:32:07.176897',36),(100,'goods/images/25154036-2_u_3.jpg','2019-05-16 18:32:07.176897',36),(101,'goods/images/25154036-3_u_2.jpg','2019-05-16 18:32:07.176897',36),(102,'goods/images/25263837-1_u_3.jpg','2019-05-16 18:32:07.264902',37),(103,'goods/images/24002578-1_u_18.jpg','2019-05-16 18:32:07.376909',38),(104,'goods/images/24002578-2_u_16.jpg','2019-05-16 18:32:07.376909',38),(105,'goods/images/24002578-4_u_18.jpg','2019-05-16 18:32:07.376909',38),(106,'goods/images/24002578-5_u_11.jpg','2019-05-16 18:32:07.376909',38),(107,'goods/images/25073421-1_u_7.jpg','2019-05-16 18:32:07.464914',39),(108,'goods/images/25073421-2_u_3.jpg','2019-05-16 18:32:07.464914',39),(109,'goods/images/23927251-1_u_14.jpg','2019-05-16 18:32:07.630923',40),(110,'goods/images/23927251-2_u_14.jpg','2019-05-16 18:32:07.631923',40),(111,'goods/images/23927251-3_u_15.jpg','2019-05-16 18:32:07.631923',40),(112,'goods/images/24171918-1_u_4.jpg','2019-05-16 18:32:07.719928',41),(113,'goods/images/24171918-2_u_4.jpg','2019-05-16 18:32:07.719928',41),(114,'goods/images/22517159-1_u_2.jpg','2019-05-16 18:32:07.807933',42),(115,'goods/images/22517159-2_u_2.jpg','2019-05-16 18:32:07.807933',42),(116,'goods/images/23566280-1_u_4.jpg','2019-05-16 18:32:07.918940',43),(117,'goods/images/23566280-2_u_9.jpg','2019-05-16 18:32:07.918940',43),(118,'goods/images/23566280-3_u_9.jpg','2019-05-16 18:32:07.918940',43),(119,'goods/images/23340261-1_u_3.jpg','2019-05-16 18:32:08.105950',44),(120,'goods/images/23340261-2_u_3.jpg','2019-05-16 18:32:08.105950',44),(121,'goods/images/23271503-1_u_7.jpg','2019-05-16 18:32:08.259959',45),(122,'goods/images/23271503-2_u_1.jpg','2019-05-16 18:32:08.259959',45),(123,'goods/images/25111087-1_u_3.jpg','2019-05-16 18:32:08.504973',46),(124,'goods/images/25141601-1_u_3.jpg','2019-05-16 18:32:08.593978',47),(125,'goods/images/25141602-1_u_3.jpg','2019-05-16 18:32:08.871994',48),(126,'goods/images/23951051-1_u_12.jpg','2019-05-16 18:32:09.004002',49),(127,'goods/images/25206149-1_u_8.jpg','2019-05-16 18:32:09.356022',50),(128,'goods/images/25250121-1_u_8.jpg','2019-05-16 18:32:09.467028',51),(129,'goods/images/24158487-1_u_8.jpg','2019-05-16 18:32:09.602036',52),(130,'goods/images/25200568-1_u_3.jpg','2019-05-16 18:32:09.713042',53),(131,'goods/images/25149527-1_u_3.jpg','2019-05-16 18:32:09.801047',54),(132,'goods/images/23892568-1_u_3.jpg','2019-05-16 18:32:09.901053',55),(133,'goods/images/23961677-1_u_8.jpg','2019-05-16 18:32:10.012059',56),(134,'goods/images/22790891-1_u_1.jpg','2019-05-16 18:32:10.354079',57),(135,'goods/images/23628114-1_u_1.jpg','2019-05-16 18:32:10.540090',58),(136,'goods/images/23648350-1_u_1.jpg','2019-05-16 18:32:10.651096',59),(137,'goods/images/1960395789_ii_cover.jpg','2019-05-16 18:32:10.764102',60),(138,'goods/images/1960402932_ii_cover.jpg','2019-05-16 18:32:10.852108',61),(139,'goods/images/1960395706_ii_cover.jpg','2019-05-16 18:32:10.964114',62),(140,'goods/images/1960402838_ii_cover.jpg','2019-05-16 18:32:11.144124',63),(141,'goods/images/1960404952_ii_cover.jpg','2019-05-16 18:32:11.385138',64),(142,'goods/images/1960395566_ii_cover.jpg','2019-05-16 18:32:11.482144',65),(143,'goods/images/23579654-1_u_3.jpg','2019-05-16 18:32:11.592150',66),(144,'goods/images/25090502-1_u_5.jpg','2019-05-16 18:32:11.702156',67),(145,'goods/images/25137790-1_u_2.jpg','2019-05-16 18:32:11.791161',68),(146,'goods/images/20994167-1_u_6.jpg','2019-05-16 18:32:11.916168',69),(147,'goods/images/25208978-1_u_3.jpg','2019-05-16 18:32:12.090178',70),(148,'goods/images/25160766-1_u_3.jpg','2019-05-16 18:32:12.200185',71),(149,'goods/images/24198400-1_u_4.jpg','2019-05-16 18:32:12.347193',72),(150,'goods/images/23608680-1_u_12.jpg','2019-05-16 18:32:12.569206',73),(151,'goods/images/a1a96a5da8bb4f1ab5066b4711205a31.gif','2019-05-16 18:32:12.790218',74),(152,'goods/images/25351560-1_u_2.jpg','2019-05-16 18:32:12.890224',75),(153,'goods/images/26439803-1_u_6.jpg','2019-05-16 18:32:13.038233',76),(154,'goods/images/23473587-1_u_5.jpg','2019-05-16 18:32:13.212243',77),(155,'goods/images/25309905-1_u_15.jpg','2019-05-16 18:32:13.365251',78),(156,'goods/images/25114723-1_u_9.jpg','2019-05-16 18:32:13.576263',79),(157,'goods/images/23928972-1_u_4.jpg','2019-05-16 18:32:13.720272',80),(158,'goods/images/26515884-1_u_1.jpg','2019-05-16 18:32:13.894282',81),(159,'goods/images/23770142-1_u_3.jpg','2019-05-16 18:32:13.983287',82),(160,'goods/images/23295770-1_u_3.jpg','2019-05-16 18:32:14.193299',83),(161,'goods/images/463785-1_u_1.jpg','2019-05-16 18:32:14.318306',84),(162,'goods/images/26514290-1_u_9.jpg','2019-05-16 18:32:14.440313',85),(163,'goods/images/485254-1_u_1.jpg','2019-05-16 18:32:14.580321',86),(164,'goods/images/25147256-1_u_2.jpg','2019-05-16 18:32:15.149353',87),(165,'goods/images/25306110-1_u_3.jpg','2019-05-16 18:32:16.377424',88),(166,'goods/images/23490618-1_u_1.jpg','2019-05-16 18:32:16.565434',89);
/*!40000 ALTER TABLE `goods_goodsimage` ENABLE KEYS */;
UNLOCK TABLES;

--
-- Table structure for table `goods_goodsstock`
--

DROP TABLE IF EXISTS `goods_goodsstock`;
/*!40101 SET @saved_cs_client     = @@character_set_client */;
/*!40101 SET character_set_client = utf8 */;
CREATE TABLE `goods_goodsstock` (
  `id` int(11) NOT NULL AUTO_INCREMENT,
  `stock_num` int(11) NOT NULL,
  `stock_time` datetime(6) NOT NULL,
  `goods_id` int(11) NOT NULL,
  `bid` decimal(5,2) NOT NULL,
  PRIMARY KEY (`id`),
  KEY `goods_goodsstock_goods_id_7ebcb734_fk_goods_goods_id` (`goods_id`),
  CONSTRAINT `goods_goodsstock_goods_id_7ebcb734_fk_goods_goods_id` FOREIGN KEY (`goods_id`) REFERENCES `goods_goods` (`id`)
) ENGINE=InnoDB AUTO_INCREMENT=268 DEFAULT CHARSET=utf8;
/*!40101 SET character_set_client = @saved_cs_client */;

--
-- Dumping data for table `goods_goodsstock`
--

LOCK TABLES `goods_goodsstock` WRITE;
/*!40000 ALTER TABLE `goods_goodsstock` DISABLE KEYS */;
INSERT INTO `goods_goodsstock` VALUES (1,350,'2019-05-16 18:32:17.575492',1,21.13),(2,300,'2019-05-16 18:32:17.871509',2,8.89),(3,100,'2019-05-16 18:32:18.166526',3,17.10),(4,350,'2019-05-16 18:32:18.294533',4,21.13),(5,200,'2019-05-16 18:32:18.634553',5,37.24),(6,50,'2019-05-16 18:32:18.792562',6,100.24),(7,300,'2019-05-16 18:32:18.933570',7,121.60),(8,100,'2019-05-16 18:32:19.078578',8,101.08),(9,150,'2019-05-16 18:32:19.211586',9,52.44),(10,100,'2019-05-16 18:32:19.299591',10,17.25),(11,100,'2019-05-16 18:32:19.553605',11,16.04),(12,50,'2019-05-16 18:32:19.687613',12,18.31),(13,200,'2019-05-16 18:32:19.796619',13,33.06),(14,200,'2019-05-16 18:32:19.931627',14,39.60),(15,100,'2019-05-16 18:32:20.019632',15,14.97),(16,100,'2019-05-16 18:32:20.121638',16,19.61),(17,150,'2019-05-16 18:32:20.265646',17,25.84),(18,200,'2019-05-16 18:32:20.436656',18,7.30),(19,50,'2019-05-16 18:32:20.660669',19,15.50),(20,200,'2019-05-16 18:32:20.897682',20,13.45),(21,150,'2019-05-16 18:32:21.007688',21,21.74),(22,350,'2019-05-16 18:32:21.105694',22,26.98),(23,300,'2019-05-16 18:32:21.230701',23,22.04),(24,100,'2019-05-16 18:32:21.410711',24,30.02),(25,100,'2019-05-16 18:32:21.527718',25,90.14),(26,250,'2019-05-16 18:32:21.627724',26,27.89),(27,150,'2019-05-16 18:32:21.719729',27,47.20),(28,350,'2019-05-16 18:32:21.814735',28,62.70),(29,250,'2019-05-16 18:32:21.959743',29,62.70),(30,300,'2019-05-16 18:32:22.054748',30,62.70),(31,250,'2019-05-16 18:32:22.179755',31,23.03),(32,150,'2019-05-16 18:32:22.300762',32,39.60),(33,300,'2019-05-16 18:32:22.478773',33,28.80),(34,300,'2019-05-16 18:32:22.590779',34,38.76),(35,200,'2019-05-16 18:32:22.775790',35,33.06),(36,100,'2019-05-16 18:32:22.955800',36,27.36),(37,200,'2019-05-16 18:32:23.070806',37,30.78),(38,200,'2019-05-16 18:32:23.165812',38,76.61),(39,100,'2019-05-16 18:32:23.333821',39,21.05),(40,100,'2019-05-16 18:32:23.644839',40,19.91),(41,150,'2019-05-16 18:32:23.784847',41,15.12),(42,350,'2019-05-16 18:32:23.911854',42,13.68),(43,350,'2019-05-16 18:32:24.007860',43,12.16),(44,350,'2019-05-16 18:32:24.095865',44,17.18),(45,50,'2019-05-16 18:32:24.208871',45,12.16),(46,300,'2019-05-16 18:32:26.183984',46,17.10),(47,300,'2019-05-16 18:32:26.557006',47,17.10),(48,350,'2019-05-16 18:32:26.795019',48,18.62),(49,150,'2019-05-16 18:32:26.898025',49,25.76),(50,200,'2019-05-16 18:32:27.002031',50,32.68),(51,100,'2019-05-16 18:32:27.093036',51,30.40),(52,50,'2019-05-16 18:32:27.302048',52,38.30),(53,200,'2019-05-16 18:32:27.413055',53,50.77),(54,350,'2019-05-16 18:32:27.524061',54,76.84),(55,250,'2019-05-16 18:32:27.613066',55,36.48),(56,200,'2019-05-16 18:32:27.738073',56,13.83),(57,150,'2019-05-16 18:32:27.834079',57,23.33),(58,250,'2019-05-16 18:32:27.937085',58,20.90),(59,50,'2019-05-16 18:32:28.069092',59,20.90),(60,150,'2019-05-16 18:32:29.129153',60,9.65),(61,50,'2019-05-16 18:32:29.342165',61,3.88),(62,200,'2019-05-16 18:32:29.443171',62,10.31),(63,200,'2019-05-16 18:32:29.548177',63,16.49),(64,200,'2019-05-16 18:32:29.642182',64,1.60),(65,150,'2019-05-16 18:32:29.771190',65,10.87),(66,200,'2019-05-16 18:32:29.890196',66,41.72),(67,350,'2019-05-16 18:32:29.998203',67,56.62),(68,100,'2019-05-16 18:32:30.115209',68,39.60),(69,100,'2019-05-16 18:32:30.209215',69,17.33),(70,50,'2019-05-16 18:32:30.315221',70,23.64),(71,200,'2019-05-16 18:32:30.541234',71,17.02),(72,250,'2019-05-16 18:32:30.765246',72,16.11),(73,150,'2019-05-16 18:32:30.946257',73,9.12),(74,100,'2019-05-16 18:32:31.033262',74,17.10),(75,100,'2019-05-16 18:32:31.192271',75,54.72),(76,200,'2019-05-16 18:32:31.299277',76,279.68),(77,300,'2019-05-16 18:32:31.413284',77,172.67),(78,150,'2019-05-16 18:32:31.572293',78,60.65),(79,50,'2019-05-16 18:32:31.689299',79,111.72),(80,250,'2019-05-16 18:32:31.824307',80,86.49),(81,300,'2019-05-16 18:32:32.035319',81,15.12),(82,350,'2019-05-16 18:32:32.171327',82,81.55),(83,300,'2019-05-16 18:32:32.302334',83,37.62),(84,150,'2019-05-16 18:32:32.436342',84,24.78),(85,300,'2019-05-16 18:32:32.575350',85,49.63),(86,250,'2019-05-16 18:32:32.807363',86,22.98),(87,150,'2019-05-16 18:32:33.085379',87,45.45),(88,100,'2019-05-16 18:32:33.840422',88,33.29),(89,100,'2019-05-16 18:32:33.940428',89,22.72),(90,200,'2019-05-16 18:32:34.073436',1,20.45),(91,200,'2019-05-16 18:32:34.214444',2,8.63),(92,300,'2019-05-16 18:32:34.485459',3,16.82),(93,150,'2019-05-16 18:32:34.637468',4,20.45),(94,100,'2019-05-16 18:32:34.766475',5,36.31),(95,350,'2019-05-16 18:32:34.853480',6,99.24),(96,350,'2019-05-16 18:32:34.953486',7,117.95),(97,350,'2019-05-16 18:32:35.071493',8,99.40),(98,100,'2019-05-16 18:32:35.178499',9,51.32),(99,50,'2019-05-16 18:32:35.290505',10,16.97),(100,350,'2019-05-16 18:32:35.384511',11,15.77),(101,350,'2019-05-16 18:32:35.503517',12,18.13),(102,350,'2019-05-16 18:32:35.819536',13,32.23),(103,300,'2019-05-16 18:32:35.985545',14,38.61),(104,100,'2019-05-16 18:32:36.119553',15,14.72),(105,50,'2019-05-16 18:32:36.214558',16,19.28),(106,150,'2019-05-16 18:32:36.302563',17,25.29),(107,250,'2019-05-16 18:32:36.402569',18,7.12),(108,300,'2019-05-16 18:32:36.491574',19,15.35),(109,250,'2019-05-16 18:32:36.579579',20,13.12),(110,200,'2019-05-16 18:32:36.745589',21,21.27),(111,350,'2019-05-16 18:32:36.845594',22,26.12),(112,350,'2019-05-16 18:32:36.944600',23,21.38),(113,200,'2019-05-16 18:32:37.063607',24,29.52),(114,150,'2019-05-16 18:32:37.164613',25,88.64),(115,50,'2019-05-16 18:32:37.263618',26,27.11),(116,50,'2019-05-16 18:32:37.373624',27,46.19),(117,350,'2019-05-16 18:32:37.867653',28,60.70),(118,200,'2019-05-16 18:32:37.974659',29,60.96),(119,300,'2019-05-16 18:32:38.085665',30,60.82),(120,50,'2019-05-16 18:32:38.173670',31,22.39),(121,150,'2019-05-16 18:32:38.287677',32,38.75),(122,200,'2019-05-16 18:32:38.401683',33,27.94),(123,350,'2019-05-16 18:32:38.556692',34,37.60),(124,250,'2019-05-16 18:32:38.748703',35,32.23),(125,100,'2019-05-16 18:32:39.117724',36,26.90),(126,100,'2019-05-16 18:32:39.254732',37,30.01),(127,150,'2019-05-16 18:32:39.349737',38,74.69),(128,150,'2019-05-16 18:32:39.449743',39,20.70),(129,200,'2019-05-16 18:32:39.671756',40,19.58),(130,100,'2019-05-16 18:32:39.837765',41,14.80),(131,100,'2019-05-16 18:32:39.944772',42,13.24),(132,100,'2019-05-16 18:32:40.063778',43,11.77),(133,150,'2019-05-16 18:32:40.186785',44,16.62),(134,50,'2019-05-16 18:32:40.284791',45,12.04),(135,50,'2019-05-16 18:32:40.403798',46,16.59),(136,250,'2019-05-16 18:32:40.498803',47,16.59),(137,150,'2019-05-16 18:32:40.587808',48,18.03),(138,200,'2019-05-16 18:32:40.750818',49,25.21),(139,150,'2019-05-16 18:32:40.841823',50,31.86),(140,100,'2019-05-16 18:32:40.933828',51,29.90),(141,250,'2019-05-16 18:32:41.099838',52,37.92),(142,150,'2019-05-16 18:32:41.189843',53,49.50),(143,50,'2019-05-16 18:32:41.287848',54,74.39),(144,150,'2019-05-16 18:32:41.387854',55,35.46),(145,200,'2019-05-16 18:32:41.510861',56,13.49),(146,200,'2019-05-16 18:32:41.598866',57,22.83),(147,150,'2019-05-16 18:32:41.718873',58,20.32),(148,50,'2019-05-16 18:32:41.808878',59,20.69),(149,300,'2019-05-16 18:32:41.899883',60,9.44),(150,200,'2019-05-16 18:32:42.011890',61,3.84),(151,350,'2019-05-16 18:32:42.107895',62,10.05),(152,250,'2019-05-16 18:32:42.196900',63,16.08),(153,150,'2019-05-16 18:32:42.295906',64,1.56),(154,250,'2019-05-16 18:32:42.384911',65,10.64),(155,100,'2019-05-16 18:32:42.473916',66,40.68),(156,50,'2019-05-16 18:32:42.572922',67,54.82),(157,250,'2019-05-16 18:32:42.708930',68,38.93),(158,200,'2019-05-16 18:32:42.814936',69,17.04),(159,100,'2019-05-16 18:32:42.915941',70,23.40),(160,250,'2019-05-16 18:32:43.004947',71,16.60),(161,300,'2019-05-16 18:32:43.091952',72,15.66),(162,200,'2019-05-16 18:32:43.180957',73,8.92),(163,300,'2019-05-16 18:32:43.268962',74,16.82),(164,150,'2019-05-16 18:32:43.369967',75,53.81),(165,100,'2019-05-16 18:32:43.500975',76,272.69),(166,200,'2019-05-16 18:32:43.598981',77,167.49),(167,50,'2019-05-16 18:32:43.691986',78,59.35),(168,200,'2019-05-16 18:32:43.798992',79,110.60),(169,100,'2019-05-16 18:32:43.898998',80,84.08),(170,50,'2019-05-16 18:32:43.999003',81,14.67),(171,300,'2019-05-16 18:32:44.110010',82,78.95),(172,200,'2019-05-16 18:32:44.210015',83,36.49),(173,100,'2019-05-16 18:32:44.347023',84,24.24),(174,150,'2019-05-16 18:32:44.483031',85,48.14),(175,50,'2019-05-16 18:32:44.572036',86,22.34),(176,100,'2019-05-16 18:32:44.766047',87,44.48),(177,350,'2019-05-16 18:32:44.860053',88,32.74),(178,150,'2019-05-16 18:32:44.949058',89,22.34),(179,150,'2019-05-16 18:32:45.063064',1,20.18),(180,50,'2019-05-16 18:32:45.156070',2,8.50),(181,250,'2019-05-16 18:32:45.255075',3,16.40),(182,200,'2019-05-16 18:32:45.348081',4,20.24),(183,150,'2019-05-16 18:32:45.436086',5,35.95),(184,100,'2019-05-16 18:32:45.989117',6,96.34),(185,150,'2019-05-16 18:32:46.230131',7,115.52),(186,250,'2019-05-16 18:32:46.348138',8,96.72),(187,150,'2019-05-16 18:32:46.436143',9,50.75),(188,100,'2019-05-16 18:32:46.694158',10,16.84),(189,100,'2019-05-16 18:32:46.798164',11,15.34),(190,350,'2019-05-16 18:32:46.899169',12,17.59),(191,200,'2019-05-16 18:32:47.022176',13,31.48),(192,300,'2019-05-16 18:32:47.116182',14,37.78),(193,100,'2019-05-16 18:32:47.212187',15,14.54),(194,150,'2019-05-16 18:32:47.335194',16,19.15),(195,350,'2019-05-16 18:32:47.458201',17,24.91),(196,350,'2019-05-16 18:32:47.702215',18,6.98),(197,200,'2019-05-16 18:32:47.973231',19,14.93),(198,200,'2019-05-16 18:32:48.723274',20,12.86),(199,300,'2019-05-16 18:32:48.875282',21,20.88),(200,50,'2019-05-16 18:32:48.986289',22,25.61),(201,150,'2019-05-16 18:32:49.118296',23,20.94),(202,150,'2019-05-16 18:32:49.362310',24,28.93),(203,100,'2019-05-16 18:32:49.566322',25,87.15),(204,150,'2019-05-16 18:32:49.657327',26,26.98),(205,200,'2019-05-16 18:32:49.764333',27,45.90),(206,350,'2019-05-16 18:32:49.900341',28,59.53),(207,150,'2019-05-16 18:32:50.022348',29,60.02),(208,100,'2019-05-16 18:32:50.114353',30,59.68),(209,150,'2019-05-16 18:32:50.209359',31,22.28),(210,150,'2019-05-16 18:32:50.346366',32,38.17),(211,250,'2019-05-16 18:32:50.488375',33,27.54),(212,350,'2019-05-16 18:32:50.887397',34,36.82),(213,150,'2019-05-16 18:32:51.118411',35,31.62),(214,300,'2019-05-16 18:32:51.240418',36,26.57),(215,250,'2019-05-16 18:32:51.395426',37,29.71),(216,350,'2019-05-16 18:32:51.553436',38,73.67),(217,150,'2019-05-16 18:32:51.751447',39,20.36),(218,50,'2019-05-16 18:32:51.882454',40,19.19),(219,300,'2019-05-16 18:32:51.983460',41,14.64),(220,350,'2019-05-16 18:32:52.078466',42,13.14),(221,250,'2019-05-16 18:32:52.171471',43,11.68),(222,300,'2019-05-16 18:32:52.260476',44,16.44),(223,150,'2019-05-16 18:32:52.358482',45,11.93),(224,100,'2019-05-16 18:32:52.586495',46,16.51),(225,200,'2019-05-16 18:32:52.856510',47,16.31),(226,50,'2019-05-16 18:32:52.955516',48,17.84),(227,100,'2019-05-16 18:32:53.045521',49,24.76),(228,150,'2019-05-16 18:32:53.135526',50,31.43),(229,300,'2019-05-16 18:32:53.254533',51,29.53),(230,150,'2019-05-16 18:32:53.373540',52,36.97),(231,150,'2019-05-16 18:32:53.574551',53,48.82),(232,50,'2019-05-16 18:32:53.697558',54,74.08),(233,300,'2019-05-16 18:32:53.796564',55,35.02),(234,150,'2019-05-16 18:32:53.911570',56,13.26),(235,200,'2019-05-16 18:32:54.034577',57,22.41),(236,200,'2019-05-16 18:32:54.133583',58,20.06),(237,200,'2019-05-16 18:32:54.226588',59,20.52),(238,100,'2019-05-16 18:32:54.340595',60,9.22),(239,150,'2019-05-16 18:32:54.436600',61,3.75),(240,200,'2019-05-16 18:32:55.173643',62,9.81),(241,200,'2019-05-16 18:32:55.324651',63,15.77),(242,50,'2019-05-16 18:32:55.429657',64,1.54),(243,100,'2019-05-16 18:32:55.640669',65,10.42),(244,100,'2019-05-16 18:32:55.739675',66,40.27),(245,200,'2019-05-16 18:32:55.838681',67,54.59),(246,350,'2019-05-16 18:32:55.946687',68,38.05),(247,250,'2019-05-16 18:32:56.035692',69,16.70),(248,350,'2019-05-16 18:32:56.234703',70,23.07),(249,300,'2019-05-16 18:32:56.328709',71,16.27),(250,200,'2019-05-16 18:32:56.503719',72,15.35),(251,150,'2019-05-16 18:32:56.742732',73,8.76),(252,300,'2019-05-16 18:32:56.830737',74,16.40),(253,150,'2019-05-16 18:32:56.933743',75,52.92),(254,50,'2019-05-16 18:32:57.034749',76,269.96),(255,150,'2019-05-16 18:32:57.162756',77,165.10),(256,300,'2019-05-16 18:32:57.280763',78,58.98),(257,150,'2019-05-16 18:32:57.445773',79,108.14),(258,50,'2019-05-16 18:32:57.697787',80,83.32),(259,250,'2019-05-16 18:32:58.147813',81,14.60),(260,100,'2019-05-16 18:32:58.293821',82,77.56),(261,100,'2019-05-16 18:32:58.598838',83,35.97),(262,350,'2019-05-16 18:32:58.927857',84,23.98),(263,300,'2019-05-16 18:32:59.147870',85,47.58),(264,150,'2019-05-16 18:32:59.240875',86,22.23),(265,150,'2019-05-16 18:32:59.329880',87,43.98),(266,350,'2019-05-16 18:32:59.631898',88,31.85),(267,200,'2019-05-16 18:32:59.730903',89,21.97);
/*!40000 ALTER TABLE `goods_goodsstock` ENABLE KEYS */;
UNLOCK TABLES;

--
-- Table structure for table `goods_hotsearchwords`
--

DROP TABLE IF EXISTS `goods_hotsearchwords`;
/*!40101 SET @saved_cs_client     = @@character_set_client */;
/*!40101 SET character_set_client = utf8 */;
CREATE TABLE `goods_hotsearchwords` (
  `id` int(11) NOT NULL AUTO_INCREMENT,
  `keywords` varchar(20) NOT NULL,
  `index` int(11) NOT NULL,
  `add_time` datetime(6) NOT NULL,
  PRIMARY KEY (`id`)
) ENGINE=InnoDB AUTO_INCREMENT=5 DEFAULT CHARSET=utf8;
/*!40101 SET character_set_client = @saved_cs_client */;

--
-- Dumping data for table `goods_hotsearchwords`
--

LOCK TABLES `goods_hotsearchwords` WRITE;
/*!40000 ALTER TABLE `goods_hotsearchwords` DISABLE KEYS */;
INSERT INTO `goods_hotsearchwords` VALUES (1,'宇宙',1,'2019-05-16 18:32:17.031461'),(2,'历史',2,'2019-05-16 18:32:17.031461'),(3,'霍金',3,'2019-05-16 18:32:17.031461'),(4,'爸爸',4,'2019-05-16 18:32:17.031461');
/*!40000 ALTER TABLE `goods_hotsearchwords` ENABLE KEYS */;
UNLOCK TABLES;

--
-- Table structure for table `goods_indexad`
--

DROP TABLE IF EXISTS `goods_indexad`;
/*!40101 SET @saved_cs_client     = @@character_set_client */;
/*!40101 SET character_set_client = utf8 */;
CREATE TABLE `goods_indexad` (
  `id` int(11) NOT NULL AUTO_INCREMENT,
  `category_id` int(11) NOT NULL,
  `goods_id` int(11) NOT NULL,
  PRIMARY KEY (`id`),
  KEY `goods_indexad_goods_id_e1361e4f_fk_goods_goods_id` (`goods_id`),
  KEY `goods_indexad_category_id_cf834e34_fk_goods_goodscategory_id` (`category_id`),
  CONSTRAINT `goods_indexad_category_id_cf834e34_fk_goods_goodscategory_id` FOREIGN KEY (`category_id`) REFERENCES `goods_goodscategory` (`id`),
  CONSTRAINT `goods_indexad_goods_id_e1361e4f_fk_goods_goods_id` FOREIGN KEY (`goods_id`) REFERENCES `goods_goods` (`id`)
) ENGINE=InnoDB AUTO_INCREMENT=7 DEFAULT CHARSET=utf8;
/*!40101 SET character_set_client = @saved_cs_client */;

--
-- Dumping data for table `goods_indexad`
--

LOCK TABLES `goods_indexad` WRITE;
/*!40000 ALTER TABLE `goods_indexad` DISABLE KEYS */;
INSERT INTO `goods_indexad` VALUES (1,1,1),(2,27,60),(3,75,66),(4,99,72),(5,204,79),(6,284,84);
/*!40000 ALTER TABLE `goods_indexad` ENABLE KEYS */;
UNLOCK TABLES;

--
-- Table structure for table `trade_ordergoods`
--

DROP TABLE IF EXISTS `trade_ordergoods`;
/*!40101 SET @saved_cs_client     = @@character_set_client */;
/*!40101 SET character_set_client = utf8 */;
CREATE TABLE `trade_ordergoods` (
  `id` int(11) NOT NULL AUTO_INCREMENT,
  `goods_num` int(11) NOT NULL,
  `add_time` datetime(6) NOT NULL,
  `goods_id` int(11) NOT NULL,
  `order_id` int(11) NOT NULL,
  PRIMARY KEY (`id`),
  KEY `trade_ordergoods_order_id_e046f633_fk_trade_orderinfo_id` (`order_id`),
  KEY `trade_ordergoods_goods_id_e77dc520_fk_goods_goods_id` (`goods_id`),
  CONSTRAINT `trade_ordergoods_goods_id_e77dc520_fk_goods_goods_id` FOREIGN KEY (`goods_id`) REFERENCES `goods_goods` (`id`),
  CONSTRAINT `trade_ordergoods_order_id_e046f633_fk_trade_orderinfo_id` FOREIGN KEY (`order_id`) REFERENCES `trade_orderinfo` (`id`)
) ENGINE=InnoDB AUTO_INCREMENT=321 DEFAULT CHARSET=utf8;
/*!40101 SET character_set_client = @saved_cs_client */;

--
-- Dumping data for table `trade_ordergoods`
--

LOCK TABLES `trade_ordergoods` WRITE;
/*!40000 ALTER TABLE `trade_ordergoods` DISABLE KEYS */;
INSERT INTO `trade_ordergoods` VALUES (1,3,'2019-05-16 18:33:07.843367',80,1),(2,2,'2019-05-16 18:33:08.043379',37,1),(3,2,'2019-05-16 18:33:08.314394',21,1),(4,2,'2019-05-16 18:33:09.858482',58,2),(5,4,'2019-05-16 18:33:10.008491',12,2),(6,5,'2019-05-16 18:33:10.285507',14,2),(7,4,'2019-05-16 18:33:10.433515',21,2),(8,2,'2019-05-16 18:33:10.609525',55,2),(9,5,'2019-05-16 18:33:11.547579',58,3),(10,5,'2019-05-16 18:33:11.724589',60,3),(11,1,'2019-05-16 18:33:11.884598',14,3),(12,5,'2019-05-16 18:33:12.985661',86,4),(13,3,'2019-05-16 18:33:13.135670',12,4),(14,3,'2019-05-16 18:33:13.296679',4,4),(15,5,'2019-05-16 18:33:13.489690',8,4),(16,3,'2019-05-16 18:33:15.370798',76,5),(17,1,'2019-05-16 18:33:15.581810',23,5),(18,1,'2019-05-16 18:33:15.758820',63,5),(19,5,'2019-05-16 18:33:15.920829',16,5),(20,2,'2019-05-16 18:33:16.101840',85,5),(21,5,'2019-05-16 18:33:18.011949',3,6),(22,3,'2019-05-16 18:33:18.238962',50,6),(23,3,'2019-05-16 18:33:18.449974',7,6),(24,1,'2019-05-16 18:33:18.642985',59,6),(25,3,'2019-05-16 18:33:19.916058',22,7),(26,5,'2019-05-16 18:33:20.109069',1,7),(27,5,'2019-05-16 18:33:20.337082',33,7),(28,1,'2019-05-16 18:33:22.401200',14,8),(29,5,'2019-05-16 18:33:22.650214',53,8),(30,2,'2019-05-16 18:33:23.265249',1,8),(31,5,'2019-05-16 18:33:23.459260',37,8),(32,4,'2019-05-16 18:33:23.653272',77,8),(33,2,'2019-05-16 18:33:24.449317',7,9),(34,5,'2019-05-16 18:33:24.892342',87,9),(35,3,'2019-05-16 18:33:26.237419',70,10),(36,4,'2019-05-16 18:33:26.447431',8,10),(37,4,'2019-05-16 18:33:26.879456',23,10),(38,2,'2019-05-16 18:33:27.050466',63,10),(39,5,'2019-05-16 18:33:27.222476',4,10),(40,1,'2019-05-16 18:33:29.153586',28,11),(41,5,'2019-05-16 18:33:29.336597',37,11),(42,4,'2019-05-16 18:33:29.496606',19,11),(43,4,'2019-05-16 18:33:29.657615',20,11),(44,1,'2019-05-16 18:33:29.960632',69,11),(45,5,'2019-05-16 18:33:31.174702',2,12),(46,2,'2019-05-16 18:33:31.384714',68,12),(47,2,'2019-05-16 18:33:32.076753',30,13),(48,5,'2019-05-16 18:33:33.559838',45,14),(49,4,'2019-05-16 18:33:33.759850',88,14),(50,5,'2019-05-16 18:33:33.953861',65,14),(51,1,'2019-05-16 18:33:35.053924',42,15),(52,4,'2019-05-16 18:33:35.247935',71,15),(53,3,'2019-05-16 18:33:35.658958',61,15),(54,5,'2019-05-16 18:33:35.951975',66,15),(55,4,'2019-05-16 18:33:36.881028',28,16),(56,2,'2019-05-16 18:33:37.069039',16,16),(57,2,'2019-05-16 18:33:37.230048',7,16),(58,4,'2019-05-16 18:33:38.314110',55,17),(59,4,'2019-05-16 18:33:39.448175',71,17),(60,1,'2019-05-16 18:33:41.071268',12,18),(61,4,'2019-05-16 18:33:41.254278',72,18),(62,4,'2019-05-16 18:33:41.431288',9,18),(63,1,'2019-05-16 18:33:42.593355',75,19),(64,2,'2019-05-16 18:33:42.914373',80,19),(65,2,'2019-05-16 18:33:43.086383',17,19),(66,3,'2019-05-16 18:33:43.313396',41,19),(67,1,'2019-05-16 18:33:43.495406',89,19),(68,5,'2019-05-16 18:33:44.731477',56,20),(69,5,'2019-05-16 18:33:44.951490',46,20),(70,5,'2019-05-16 18:33:45.123500',61,20),(71,4,'2019-05-16 18:33:45.299510',23,20),(72,2,'2019-05-16 18:33:45.454518',42,20),(73,3,'2019-05-16 18:33:46.440575',79,21),(74,3,'2019-05-16 18:33:46.601584',27,21),(75,1,'2019-05-16 18:33:47.187618',20,21),(76,4,'2019-05-16 18:33:47.435632',83,21),(77,5,'2019-05-16 18:33:48.410688',69,22),(78,4,'2019-05-16 18:33:49.262736',30,23),(79,5,'2019-05-16 18:33:49.484749',52,23),(80,4,'2019-05-16 18:33:51.543867',38,24),(81,1,'2019-05-16 18:33:51.757879',82,24),(82,4,'2019-05-16 18:33:51.941890',29,24),(83,4,'2019-05-16 18:33:52.118900',60,24),(84,4,'2019-05-16 18:33:53.325969',16,25),(85,4,'2019-05-16 18:33:53.513979',61,25),(86,2,'2019-05-16 18:33:53.679989',59,25),(87,1,'2019-05-16 18:33:54.443033',11,26),(88,2,'2019-05-16 18:33:55.236078',84,26),(89,2,'2019-05-16 18:33:56.066125',19,27),(90,2,'2019-05-16 18:33:57.399202',28,28),(91,3,'2019-05-16 18:33:57.549210',6,28),(92,3,'2019-05-16 18:33:57.737221',5,28),(93,3,'2019-05-16 18:33:57.915231',54,28),(94,5,'2019-05-16 18:33:58.126243',73,28),(95,5,'2019-05-16 18:33:59.370314',28,29),(96,4,'2019-05-16 18:33:59.564326',35,29),(97,3,'2019-05-16 18:33:59.779338',27,29),(98,5,'2019-05-16 18:34:01.948462',22,30),(99,2,'2019-05-16 18:34:02.221477',82,30),(100,5,'2019-05-16 18:34:02.447490',12,30),(101,2,'2019-05-16 18:34:06.051697',58,31),(102,1,'2019-05-16 18:34:07.340770',59,31),(103,4,'2019-05-16 18:34:07.605785',13,31),(104,1,'2019-05-16 18:34:07.800797',38,31),(105,5,'2019-05-16 18:34:08.026810',55,31),(106,4,'2019-05-16 18:34:09.443891',26,32),(107,3,'2019-05-16 18:34:09.638902',64,32),(108,3,'2019-05-16 18:34:10.357943',37,33),(109,2,'2019-05-16 18:34:10.568955',73,33),(110,1,'2019-05-16 18:34:11.609014',20,34),(111,2,'2019-05-16 18:34:11.768024',83,34),(112,5,'2019-05-16 18:34:12.561069',17,35),(113,1,'2019-05-16 18:34:13.236107',71,35),(114,2,'2019-05-16 18:34:14.476178',28,36),(115,3,'2019-05-16 18:34:14.852200',20,36),(116,5,'2019-05-16 18:34:15.040211',71,36),(117,3,'2019-05-16 18:34:15.250223',54,36),(118,5,'2019-05-16 18:34:16.988322',39,37),(119,2,'2019-05-16 18:34:17.148331',89,37),(120,1,'2019-05-16 18:34:17.391345',64,37),(121,4,'2019-05-16 18:34:20.225507',47,38),(122,7,'2019-05-16 18:34:20.491522',88,38),(123,2,'2019-05-16 18:34:20.788539',83,38),(124,5,'2019-05-16 18:34:21.974607',41,39),(125,3,'2019-05-16 18:34:22.140617',50,39),(126,3,'2019-05-16 18:34:22.351629',74,39),(127,2,'2019-05-16 18:34:22.539640',23,39),(128,5,'2019-05-16 18:34:23.686705',3,40),(129,5,'2019-05-16 18:34:24.022724',72,40),(130,2,'2019-05-16 18:34:24.162732',8,40),(131,5,'2019-05-16 18:34:27.944949',36,41),(132,2,'2019-05-16 18:34:28.297969',76,41),(133,1,'2019-05-16 18:34:28.491980',31,41),(134,4,'2019-05-16 18:34:28.712993',44,41),(135,3,'2019-05-16 18:34:29.336028',4,41),(136,2,'2019-05-16 18:34:30.439091',48,42),(137,3,'2019-05-16 18:34:30.605101',65,42),(138,1,'2019-05-16 18:34:31.137131',6,42),(139,4,'2019-05-16 18:34:31.531154',7,42),(140,5,'2019-05-16 18:34:32.823228',78,43),(141,3,'2019-05-16 18:34:33.218250',40,43),(142,4,'2019-05-16 18:34:33.487266',23,43),(143,1,'2019-05-16 18:34:33.617273',57,43),(144,1,'2019-05-16 18:34:34.263310',56,44),(145,4,'2019-05-16 18:34:35.770396',81,45),(146,3,'2019-05-16 18:34:36.146418',60,45),(147,5,'2019-05-16 18:34:36.288426',18,45),(148,5,'2019-05-16 18:34:36.505438',56,45),(149,3,'2019-05-16 18:34:36.754453',30,45),(150,4,'2019-05-16 18:34:38.410547',68,46),(151,1,'2019-05-16 18:34:38.581557',31,46),(152,1,'2019-05-16 18:34:39.057584',35,46),(153,4,'2019-05-16 18:34:41.509725',27,47),(154,1,'2019-05-16 18:34:41.712736',85,47),(155,4,'2019-05-16 18:34:42.631789',78,47),(156,1,'2019-05-16 18:34:43.683849',17,47),(157,2,'2019-05-16 18:34:43.984866',69,47),(158,5,'2019-05-16 18:34:45.029926',21,48),(159,1,'2019-05-16 18:34:45.202936',46,48),(160,2,'2019-05-16 18:34:45.775969',17,49),(161,3,'2019-05-16 18:34:46.502010',2,50),(162,2,'2019-05-16 18:34:47.551070',82,51),(163,4,'2019-05-16 18:34:47.964094',54,51),(164,1,'2019-05-16 18:34:48.623132',6,51),(165,2,'2019-05-16 18:34:49.586187',34,52),(166,3,'2019-05-16 18:34:49.839201',36,52),(167,1,'2019-05-16 18:34:50.103216',75,52),(168,5,'2019-05-16 18:34:51.643304',36,53),(169,4,'2019-05-16 18:34:51.930321',32,53),(170,3,'2019-05-16 18:34:52.196336',38,53),(171,3,'2019-05-16 18:34:52.348345',70,53),(172,1,'2019-05-16 18:34:54.477466',56,54),(173,2,'2019-05-16 18:34:54.819486',16,54),(174,3,'2019-05-16 18:34:55.127504',81,54),(175,2,'2019-05-16 18:34:56.322572',35,55),(176,1,'2019-05-16 18:34:56.480581',36,55),(177,4,'2019-05-16 18:34:56.735596',61,55),(178,4,'2019-05-16 18:34:57.011611',16,55),(179,3,'2019-05-16 18:34:57.163620',27,55),(180,5,'2019-05-16 18:34:58.063671',5,56),(181,1,'2019-05-16 18:34:58.228681',51,56),(182,3,'2019-05-16 18:34:58.382690',84,56),(183,1,'2019-05-16 18:35:00.913834',74,57),(184,3,'2019-05-16 18:35:01.240853',8,57),(185,4,'2019-05-16 18:35:01.383861',49,57),(186,2,'2019-05-16 18:35:01.561872',65,57),(187,2,'2019-05-16 18:35:01.738882',73,57),(188,5,'2019-05-16 18:35:02.636933',19,58),(189,3,'2019-05-16 18:35:04.262026',67,59),(190,1,'2019-05-16 18:35:04.440036',43,59),(191,1,'2019-05-16 18:35:04.615046',47,59),(192,3,'2019-05-16 18:35:04.924064',27,59),(193,5,'2019-05-16 18:35:05.790113',13,59),(194,3,'2019-05-16 18:35:06.598160',46,60),(195,2,'2019-05-16 18:35:07.981239',35,61),(196,4,'2019-05-16 18:35:09.000297',8,62),(197,3,'2019-05-16 18:35:09.177307',13,62),(198,1,'2019-05-16 18:35:10.415378',39,63),(199,1,'2019-05-16 18:35:10.582388',88,63),(200,2,'2019-05-16 18:35:11.203423',75,63),(201,1,'2019-05-16 18:35:11.413435',27,63),(202,1,'2019-05-16 18:35:13.509555',74,64),(203,3,'2019-05-16 18:35:13.738568',46,64),(204,5,'2019-05-16 18:35:14.037585',9,64),(205,3,'2019-05-16 18:35:14.278599',17,64),(206,1,'2019-05-16 18:35:15.620676',8,65),(207,3,'2019-05-16 18:35:16.186708',76,65),(208,1,'2019-05-16 18:35:16.703738',34,65),(209,3,'2019-05-16 18:35:17.029756',75,65),(210,5,'2019-05-16 18:35:17.192766',15,65),(211,4,'2019-05-16 18:35:18.785857',42,66),(212,5,'2019-05-16 18:35:19.118876',33,66),(213,1,'2019-05-16 18:35:19.384891',28,66),(214,1,'2019-05-16 18:35:19.547900',55,66),(215,1,'2019-05-16 18:35:21.692023',10,67),(216,1,'2019-05-16 18:35:21.973039',62,67),(217,3,'2019-05-16 18:35:22.130048',18,67),(218,2,'2019-05-16 18:35:23.170107',73,68),(219,2,'2019-05-16 18:35:23.303115',65,68),(220,1,'2019-05-16 18:35:23.434123',2,68),(221,1,'2019-05-16 18:35:24.607190',26,69),(222,2,'2019-05-16 18:35:24.908207',62,69),(223,3,'2019-05-16 18:35:25.062216',18,69),(224,5,'2019-05-16 18:35:25.207224',43,69),(225,2,'2019-05-16 18:35:25.384234',40,69),(226,4,'2019-05-16 18:35:26.590303',33,70),(227,5,'2019-05-16 18:35:26.878320',57,70),(228,4,'2019-05-16 18:35:27.620362',3,71),(229,3,'2019-05-16 18:35:27.763370',28,71),(230,3,'2019-05-16 18:35:29.878491',63,72),(231,4,'2019-05-16 18:35:30.166508',13,72),(232,4,'2019-05-16 18:35:30.310516',54,72),(233,1,'2019-05-16 18:35:30.487526',49,72),(234,2,'2019-05-16 18:35:31.583589',22,73),(235,1,'2019-05-16 18:35:32.110619',67,73),(236,4,'2019-05-16 18:35:34.039729',88,74),(237,3,'2019-05-16 18:35:35.479812',65,75),(238,3,'2019-05-16 18:35:35.633820',8,75),(239,4,'2019-05-16 18:35:35.817831',37,75),(240,4,'2019-05-16 18:35:36.032843',87,75),(241,1,'2019-05-16 18:35:36.298858',26,75),(242,1,'2019-05-16 18:35:37.007899',11,76),(243,3,'2019-05-16 18:35:39.355033',17,77),(244,4,'2019-05-16 18:35:39.576046',82,77),(245,5,'2019-05-16 18:35:39.778057',65,77),(246,4,'2019-05-16 18:35:39.941067',89,77),(247,3,'2019-05-16 18:35:40.173080',66,77),(248,1,'2019-05-16 18:35:40.948124',41,78),(249,4,'2019-05-16 18:35:41.170137',86,78),(250,3,'2019-05-16 18:35:42.631221',70,79),(251,5,'2019-05-16 18:35:42.819231',58,79),(252,2,'2019-05-16 18:35:42.973240',30,79),(253,4,'2019-05-16 18:35:43.195253',51,79),(254,5,'2019-05-16 18:35:44.280315',38,80),(255,5,'2019-05-16 18:35:45.853405',8,81),(256,5,'2019-05-16 18:35:46.050416',35,81),(257,1,'2019-05-16 18:35:46.206425',47,81),(258,3,'2019-05-16 18:35:46.926466',1,82),(259,2,'2019-05-16 18:35:48.176538',9,83),(260,5,'2019-05-16 18:35:48.332547',25,83),(261,2,'2019-05-16 18:35:48.542559',82,83),(262,5,'2019-05-16 18:35:48.741570',46,83),(263,4,'2019-05-16 18:35:49.063589',40,83),(264,4,'2019-05-16 18:35:50.037644',76,84),(265,5,'2019-05-16 18:35:50.667680',16,84),(266,2,'2019-05-16 18:35:51.022701',35,84),(267,5,'2019-05-16 18:35:51.227712',55,84),(268,2,'2019-05-16 18:35:52.328775',18,85),(269,1,'2019-05-16 18:35:52.495785',39,85),(270,3,'2019-05-16 18:35:52.759800',35,85),(271,2,'2019-05-16 18:35:52.937810',15,85),(272,2,'2019-05-16 18:35:55.317946',24,86),(273,1,'2019-05-16 18:35:55.560960',55,86),(274,4,'2019-05-16 18:35:56.602020',88,87),(275,4,'2019-05-16 18:35:56.801031',60,87),(276,5,'2019-05-16 18:35:56.934039',21,87),(277,2,'2019-05-16 18:35:57.753086',62,88),(278,5,'2019-05-16 18:35:57.919095',89,88),(279,5,'2019-05-16 18:36:00.299231',76,89),(280,4,'2019-05-16 18:36:00.499243',42,89),(281,3,'2019-05-16 18:36:00.893265',30,89),(282,5,'2019-05-16 18:36:01.325290',40,89),(283,4,'2019-05-16 18:36:01.671310',8,89),(284,1,'2019-05-16 18:36:02.635365',39,90),(285,1,'2019-05-16 18:36:04.239457',17,91),(286,3,'2019-05-16 18:36:04.528473',30,91),(287,3,'2019-05-16 18:36:04.760486',21,91),(288,3,'2019-05-16 18:36:05.844548',69,92),(289,4,'2019-05-16 18:36:06.044560',87,92),(290,1,'2019-05-16 18:36:07.682653',44,93),(291,1,'2019-05-16 18:36:07.838662',4,93),(292,3,'2019-05-16 18:36:08.026673',47,93),(293,3,'2019-05-16 18:36:09.620764',26,94),(294,5,'2019-05-16 18:36:09.820776',47,94),(295,1,'2019-05-16 18:36:10.083791',59,94),(296,3,'2019-05-16 18:36:11.047846',53,94),(297,1,'2019-05-16 18:36:11.457869',8,94),(298,2,'2019-05-16 18:36:13.239971',4,95),(299,3,'2019-05-16 18:36:13.394980',21,95),(300,2,'2019-05-16 18:36:13.605992',44,95),(301,2,'2019-05-16 18:36:13.926011',40,95),(302,4,'2019-05-16 18:36:14.140023',55,95),(303,3,'2019-05-16 18:36:15.576105',46,96),(304,1,'2019-05-16 18:36:15.744115',49,96),(305,5,'2019-05-16 18:36:15.919125',87,96),(306,5,'2019-05-16 18:36:16.074133',84,96),(307,4,'2019-05-16 18:36:16.933183',75,96),(308,5,'2019-05-16 18:36:18.255258',46,97),(309,5,'2019-05-16 18:36:18.410267',51,97),(310,3,'2019-05-16 18:36:18.588277',45,97),(311,2,'2019-05-16 18:36:18.842292',22,97),(312,3,'2019-05-16 18:36:20.103364',37,98),(313,1,'2019-05-16 18:36:21.480443',51,98),(314,3,'2019-05-16 18:36:21.831463',57,98),(315,2,'2019-05-16 18:36:22.107479',30,98),(316,3,'2019-05-16 18:36:22.406496',10,98),(317,2,'2019-05-16 18:36:23.313547',36,99),(318,4,'2019-05-16 18:36:23.602564',83,99),(319,5,'2019-05-16 18:36:24.996644',20,100),(320,1,'2019-05-16 18:36:25.162653',26,100);
/*!40000 ALTER TABLE `trade_ordergoods` ENABLE KEYS */;
UNLOCK TABLES;

--
-- Table structure for table `trade_orderinfo`
--

DROP TABLE IF EXISTS `trade_orderinfo`;
/*!40101 SET @saved_cs_client     = @@character_set_client */;
/*!40101 SET character_set_client = utf8 */;
CREATE TABLE `trade_orderinfo` (
  `id` int(11) NOT NULL AUTO_INCREMENT,
  `order_sn` varchar(30) DEFAULT NULL,
  `pay_status` varchar(30) NOT NULL,
  `pay_type` varchar(10) NOT NULL,
  `post_script` varchar(200) NOT NULL,
  `order_mount` decimal(6,2) NOT NULL,
  `pay_time` datetime(6) DEFAULT NULL,
  `address` varchar(100) NOT NULL,
  `signer_name` varchar(20) NOT NULL,
  `singer_mobile` varchar(11) NOT NULL,
  `add_time` datetime(6) NOT NULL,
  `user_id` int(11) NOT NULL,
  `is_delivery` tinyint(1) NOT NULL,
  PRIMARY KEY (`id`),
  UNIQUE KEY `order_sn` (`order_sn`),
  KEY `trade_orderinfo_user_id_08ffa22c_fk_users_userprofile_id` (`user_id`),
  CONSTRAINT `trade_orderinfo_user_id_08ffa22c_fk_users_userprofile_id` FOREIGN KEY (`user_id`) REFERENCES `users_userprofile` (`id`)
) ENGINE=InnoDB AUTO_INCREMENT=101 DEFAULT CHARSET=utf8;
/*!40101 SET character_set_client = @saved_cs_client */;

--
-- Dumping data for table `trade_orderinfo`
--

LOCK TABLES `trade_orderinfo` WRITE;
/*!40000 ALTER TABLE `trade_orderinfo` DISABLE KEYS */;
INSERT INTO `trade_orderinfo` VALUES (1,'20190516183307232','paying','alipay','用户未留言',479.60,NULL,'北京市北京城区西城区人民大道东路23号','王峰兴1','15842004510','2019-05-16 18:33:07.584352',2,0),(2,'20190516183309365','paying','alipay','用户未留言',622.26,NULL,'山西省大同市城区留村','张东1','13784876253','2019-05-16 18:33:09.702474',3,0),(3,'20190516183311451','paying','alipay','用户未留言',253.10,NULL,'上海市上海城区长宁区大门路22号','索维2','13486279835','2019-05-16 18:33:11.429572',4,0),(4,'20190516183312520','paying','alipay','用户未留言',971.87,NULL,'山东省青岛市城阳区刘兴路57号','李明亮3','18723649233','2019-05-16 18:33:12.872655',5,1),(5,'20190516183315695','paying','alipay','用户未留言',1414.30,NULL,'浙江省衢州市衢江区含光路24号','张晓明3','17893538624','2019-05-16 18:33:15.235790',6,1),(6,'20190516183317731','paying','alipay','用户未留言',749.00,NULL,'天津市天津城区和平区吉星街11号','郭民1','13084308482','2019-05-16 18:33:17.842939',7,0),(7,'20190516183319881','paying','alipay','用户未留言',435.00,NULL,'河南省许昌市鄢陵县曲溪村','胡成2','12384283468','2019-05-16 18:33:19.796051',8,0),(8,'20190516183322919','paying','alipay','用户未留言',1553.00,NULL,'浙江省绍兴市诸暨市开西街','韦博文2','15842004517','2019-05-16 18:33:22.113183',9,0),(9,'201905161833241044','paying','alipay','用户未留言',619.00,NULL,'江苏省淮安市盱眙县花蜜村','林奇3','17279346984','2019-05-16 18:33:24.293308',10,0),(10,'201905161833261199','paying','alipay','用户未留言',923.70,NULL,'辽宁省本溪市南芬区踢区街','周平1','12785174234','2019-05-16 18:33:26.108412',11,0),(11,'20190516183328296','paying','alipay','用户未留言',460.20,NULL,'河北省承德市鹰手营子矿区南京路13号','王峰兴2','13939156732','2019-05-16 18:33:28.536551',2,0),(12,'20190516183330329','paying','alipay','用户未留言',162.70,NULL,'山西省大同市城区留村','张东1','13784876253','2019-05-16 18:33:30.883685',3,1),(13,'20190516183331493','paying','alipay','用户未留言',165.00,NULL,'上海市上海城区长宁区大门路22号','索维2','13486279835','2019-05-16 18:33:31.897743',4,1),(14,'20190516183333531','paying','alipay','用户未留言',326.70,NULL,'山东省青岛市城阳区刘兴路57号','李明亮3','18723649233','2019-05-16 18:33:33.414830',5,0),(15,'20190516183334624','paying','alipay','用户未留言',397.40,NULL,'陕西省汉中市略阳县浑南村','张晓明1','19732942734','2019-05-16 18:33:34.939917',6,1),(16,'20190516183336785','paying','alipay','用户未留言',701.60,NULL,'河南省三门峡市卢氏县河西村','郭民3','13742693436','2019-05-16 18:33:36.756021',7,0),(17,'20190516183338847','paying','alipay','用户未留言',281.60,NULL,'福建省泉州市泉港区米市街','胡成3','17249326742','2019-05-16 18:33:38.188103',8,0),(18,'20190516183340934','paying','alipay','用户未留言',384.89,NULL,'浙江省绍兴市诸暨市开西街','韦博文2','15842004517','2019-05-16 18:33:40.648244',9,0),(19,'201905161833421086','paying','alipay','用户未留言',457.20,NULL,'河南省濮阳市南乐县韩府村','林奇2','13836783934','2019-05-16 18:33:42.496349',10,0),(20,'201905161833441195','paying','alipay','用户未留言',381.00,NULL,'山东省聊城市莘县安顺路','周平3','12735827344','2019-05-16 18:33:44.563468',11,0),(21,'20190516183346280','paying','alipay','用户未留言',843.00,NULL,'北京市北京城区西城区人民大道东路23号','王峰兴1','15842004510','2019-05-16 18:33:46.340569',2,0),(22,'20190516183347310','paying','alipay','用户未留言',114.00,NULL,'吉林省辽源市东丰县邢村25号','张东2','13739223456','2019-05-16 18:33:47.910659',3,1),(23,'20190516183349421','paying','alipay','用户未留言',582.00,NULL,'江苏省南通市启东市寒门路11号','索维1','13687387462','2019-05-16 18:33:49.157730',4,0),(24,'20190516183351592','paying','alipay','用户未留言',891.30,NULL,'山东省青岛市城阳区刘兴路57号','李明亮3','18723649233','2019-05-16 18:33:51.378857',5,1),(25,'20190516183353644','paying','alipay','用户未留言',178.60,NULL,'河南省驻马店市正阳县门前村','张晓明2','12728343823','2019-05-16 18:33:53.190961',6,0),(26,'20190516183354713','paying','alipay','用户未留言',86.30,NULL,'天津市天津城区和平区吉星街11号','郭民1','13084308482','2019-05-16 18:33:54.320026',7,1),(27,'20190516183355873','paying','alipay','用户未留言',40.80,NULL,'黑龙江省鹤岗市兴山区寒山路12号','胡成1','17236894372','2019-05-16 18:33:55.927117',8,1),(28,'20190516183357918','paying','alipay','用户未留言',1071.00,NULL,'河南省焦作市武陟县南孟迁村','韦博文1','15842004517','2019-05-16 18:33:57.301196',9,0),(29,'201905161833591073','paying','alipay','用户未留言',772.80,NULL,'江苏省连云港市灌南县湖西村','林奇1','12764937842','2019-05-16 18:33:59.246307',10,1),(30,'201905161834011110','paying','alipay','用户未留言',512.55,NULL,'辽宁省本溪市南芬区踢区街','周平1','12785174234','2019-05-16 18:34:01.755451',11,0),(31,'20190516183405262','paying','alipay','用户未留言',597.30,NULL,'河北省承德市鹰手营子矿区南京路13号','王峰兴2','13939156732','2019-05-16 18:34:05.530667',2,0),(32,'20190516183409325','paying','alipay','用户未留言',153.10,NULL,'山西省大同市城区留村','张东1','13784876253','2019-05-16 18:34:09.272881',3,1),(33,'20190516183410425','paying','alipay','用户未留言',145.50,NULL,'江苏省南通市启东市寒门路11号','索维1','13687387462','2019-05-16 18:34:10.238936',4,0),(34,'20190516183411541','paying','alipay','用户未留言',116.70,NULL,'上海市上海城区青浦区东城街14号','李明亮2','19827369237','2019-05-16 18:34:11.464006',5,0),(35,'20190516183412638','paying','alipay','用户未留言',192.40,NULL,'浙江省衢州市衢江区含光路24号','张晓明3','17893538624','2019-05-16 18:34:12.423061',6,0),(36,'20190516183414721','paying','alipay','用户未留言',633.40,NULL,'山东省滨州市无棣县韩景村','郭民2','19826437824','2019-05-16 18:34:14.216164',7,0),(37,'20190516183416813','paying','alipay','用户未留言',200.40,NULL,'福建省泉州市泉港区米市街','胡成3','17249326742','2019-05-16 18:34:16.846314',8,1),(38,'20190516183419930','paying','alipay','用户未留言',495.60,NULL,'河南省焦作市武陟县南孟迁村','韦博文1','15842004517','2019-05-16 18:34:19.339457',9,0),(39,'201905161834211088','paying','alipay','用户未留言',354.00,NULL,'江苏省连云港市灌南县湖西村','林奇1','12764937842','2019-05-16 18:34:21.829599',10,1),(40,'201905161834231129','paying','alipay','用户未留言',484.50,NULL,'辽宁省本溪市南芬区踢区街','周平1','12785174234','2019-05-16 18:34:23.568698',11,0),(41,'20190516183427250','paying','alipay','用户未留言',1120.10,NULL,'河北省承德市鹰手营子矿区南京路13号','王峰兴2','13939156732','2019-05-16 18:34:27.707935',2,1),(42,'20190516183430313','paying','alipay','用户未留言',863.80,NULL,'吉林省辽源市东丰县邢村25号','张东2','13739223456','2019-05-16 18:34:30.343086',3,0),(43,'20190516183432430','paying','alipay','用户未留言',624.30,NULL,'上海市上海城区长宁区大门路22号','索维2','13486279835','2019-05-16 18:34:32.659218',4,0),(44,'20190516183434589','paying','alipay','用户未留言',18.20,NULL,'江西省景德镇市珠山区敬德村','李明亮1','13972934757','2019-05-16 18:34:34.083300',5,1),(45,'20190516183435677','paying','alipay','用户未留言',504.20,NULL,'浙江省衢州市衢江区含光路24号','张晓明3','17893538624','2019-05-16 18:34:35.655390',6,0),(46,'20190516183438723','paying','alipay','用户未留言',282.20,NULL,'天津市天津城区和平区吉星街11号','郭民1','13084308482','2019-05-16 18:34:38.308542',7,0),(47,'20190516183441835','paying','alipay','用户未留言',712.50,NULL,'福建省泉州市泉港区米市街','胡成3','17249326742','2019-05-16 18:34:41.389718',8,0),(48,'20190516183444929','paying','alipay','用户未留言',165.50,NULL,'浙江省绍兴市诸暨市开西街','韦博文2','15842004517','2019-05-16 18:34:44.603902',9,1),(49,'201905161834451038','paying','alipay','用户未留言',68.00,NULL,'江苏省淮安市盱眙县花蜜村','林奇3','17279346984','2019-05-16 18:34:45.639961',10,0),(50,'201905161834461142','paying','alipay','用户未留言',35.10,NULL,'河南省鹤壁市淇滨区可孚街','周平2','17385236423','2019-05-16 18:34:46.413005',11,1),(51,'20190516183447254','paying','alipay','用户未留言',750.90,NULL,'北京市北京城区西城区人民大道东路23号','王峰兴1','15842004510','2019-05-16 18:34:47.259053',2,1),(52,'20190516183449390','paying','alipay','用户未留言',282.00,NULL,'山东省济南市历城区东林路17号','张东3','18736417344','2019-05-16 18:34:49.373174',3,0),(53,'20190516183451491','paying','alipay','用户未留言',784.10,NULL,'上海市上海城区长宁区大门路22号','索维2','13486279835','2019-05-16 18:34:51.492296',4,1),(54,'20190516183454582','paying','alipay','用户未留言',129.50,NULL,'江西省景德镇市珠山区敬德村','李明亮1','13972934757','2019-05-16 18:34:54.305457',5,0),(55,'20190516183456664','paying','alipay','用户未留言',432.90,NULL,'陕西省汉中市略阳县浑南村','张晓明1','19732942734','2019-05-16 18:34:56.239567',6,1),(56,'20190516183457719','paying','alipay','用户未留言',382.80,NULL,'天津市天津城区和平区吉星街11号','郭民1','13084308482','2019-05-16 18:34:57.969666',7,1),(57,'20190516183500864','paying','alipay','用户未留言',609.70,NULL,'福建省泉州市泉港区米市街','胡成3','17249326742','2019-05-16 18:35:00.538813',8,0),(58,'20190516183502988','paying','alipay','用户未留言',102.00,NULL,'河南省焦作市武陟县南孟迁村','韦博文1','15842004517','2019-05-16 18:35:02.301914',9,1),(59,'201905161835041035','paying','alipay','用户未留言',665.80,NULL,'河南省濮阳市南乐县韩府村','林奇2','13836783934','2019-05-16 18:35:04.136019',10,0),(60,'201905161835061191','paying','alipay','用户未留言',67.50,NULL,'山东省聊城市莘县安顺路','周平3','12735827344','2019-05-16 18:35:06.478153',11,1),(61,'20190516183507224','paying','alipay','用户未留言',87.00,NULL,'河北省承德市鹰手营子矿区南京路13号','王峰兴2','13939156732','2019-05-16 18:35:07.732224',2,0),(62,'20190516183508355','paying','alipay','用户未留言',662.50,NULL,'山西省大同市城区留村','张东1','13784876253','2019-05-16 18:35:08.827287',3,1),(63,'20190516183510488','paying','alipay','用户未留言',277.60,NULL,'上海市上海城区长宁区大门路22号','索维2','13486279835','2019-05-16 18:35:10.326373',4,0),(64,'20190516183512550','paying','alipay','用户未留言',537.00,NULL,'山东省青岛市城阳区刘兴路57号','李明亮3','18723649233','2019-05-16 18:35:12.655506',5,0),(65,'20190516183515689','paying','alipay','用户未留言',1602.50,NULL,'河南省驻马店市正阳县门前村','张晓明2','12728343823','2019-05-16 18:35:15.503669',6,1),(66,'20190516183518720','paying','alipay','用户未留言',392.00,NULL,'河南省三门峡市卢氏县河西村','郭民3','13742693436','2019-05-16 18:35:18.641848',7,0),(67,'20190516183521824','paying','alipay','用户未留言',65.06,NULL,'河南省许昌市鄢陵县曲溪村','胡成2','12384283468','2019-05-16 18:35:21.462010',8,1),(68,'20190516183523959','paying','alipay','用户未留言',64.30,NULL,'浙江省绍兴市诸暨市开西街','韦博文2','15842004517','2019-05-16 18:35:23.047100',9,1),(69,'201905161835241038','paying','alipay','用户未留言',225.02,NULL,'江苏省连云港市灌南县湖西村','林奇1','12764937842','2019-05-16 18:35:24.483183',10,0),(70,'201905161835261154','paying','alipay','用户未留言',305.10,NULL,'辽宁省本溪市南芬区踢区街','周平1','12785174234','2019-05-16 18:35:26.480297',11,0),(71,'20190516183527244','paying','alipay','用户未留言',337.50,NULL,'河北省承德市鹰手营子矿区南京路13号','王峰兴2','13939156732','2019-05-16 18:35:27.515356',2,0),(72,'20190516183529363','paying','alipay','用户未留言',677.40,NULL,'山东省济南市历城区东林路17号','张东3','18736417344','2019-05-16 18:35:29.686480',3,0),(73,'20190516183531492','paying','alipay','用户未留言',145.50,NULL,'上海市上海城区长宁区大门路22号','索维2','13486279835','2019-05-16 18:35:31.379577',4,0),(74,'20190516183533581','paying','alipay','用户未留言',175.20,NULL,'江西省景德镇市珠山区敬德村','李明亮1','13972934757','2019-05-16 18:35:33.935723',5,0),(75,'20190516183535662','paying','alipay','用户未留言',879.80,NULL,'浙江省衢州市衢江区含光路24号','张晓明3','17893538624','2019-05-16 18:35:35.369805',6,0),(76,'20190516183536766','paying','alipay','用户未留言',21.10,NULL,'河南省三门峡市卢氏县河西村','郭民3','13742693436','2019-05-16 18:35:36.881892',7,0),(77,'20190516183539827','paying','alipay','用户未留言',887.00,NULL,'黑龙江省鹤岗市兴山区寒山路12号','胡成1','17236894372','2019-05-16 18:35:39.119020',8,0),(78,'20190516183540956','paying','alipay','用户未留言',140.86,NULL,'内蒙古自治区通辽市奈曼旗科文路','韦博文3','12726934729','2019-05-16 18:35:40.807116',9,1),(79,'201905161835421033','paying','alipay','用户未留言',555.80,NULL,'江苏省连云港市灌南县湖西村','林奇1','12764937842','2019-05-16 18:35:42.473212',10,0),(80,'201905161835431118','paying','alipay','用户未留言',504.00,NULL,'辽宁省本溪市南芬区踢区街','周平1','12785174234','2019-05-16 18:35:43.845290',11,0),(81,'20190516183545223','paying','alipay','用户未留言',905.00,NULL,'辽宁省鞍山市铁东区辽宁科技大学','王峰兴3','13782843256','2019-05-16 18:35:45.698396',2,0),(82,'20190516183546378','paying','alipay','用户未留言',83.40,NULL,'山东省济南市历城区东林路17号','张东3','18736417344','2019-05-16 18:35:46.657451',3,1),(83,'20190516183548492','paying','alipay','用户未留言',1162.90,NULL,'上海市上海城区长宁区大门路22号','索维2','13486279835','2019-05-16 18:35:48.064531',4,0),(84,'20190516183549568','paying','alipay','用户未留言',1928.00,NULL,'上海市上海城区青浦区东城街14号','李明亮2','19827369237','2019-05-16 18:35:49.941639',5,0),(85,'20190516183552619','paying','alipay','用户未留言',216.80,NULL,'河南省驻马店市正阳县门前村','张晓明2','12728343823','2019-05-16 18:35:52.190767',6,0),(86,'20190516183555789','paying','alipay','用户未留言',127.00,NULL,'河南省三门峡市卢氏县河西村','郭民3','13742693436','2019-05-16 18:35:55.075932',7,1),(87,'20190516183556890','paying','alipay','用户未留言',369.00,NULL,'河南省许昌市鄢陵县曲溪村','胡成2','12384283468','2019-05-16 18:35:56.497014',8,0),(88,'20190516183557920','paying','alipay','用户未留言',176.62,NULL,'浙江省绍兴市诸暨市开西街','韦博文2','15842004517','2019-05-16 18:35:57.646079',9,0),(89,'201905161836001035','paying','alipay','用户未留言',2822.50,NULL,'江苏省淮安市盱眙县花蜜村','林奇3','17279346984','2019-05-16 18:36:00.097220',10,0),(90,'201905161836021171','paying','alipay','用户未留言',27.70,NULL,'山东省聊城市莘县安顺路','周平3','12735827344','2019-05-16 18:36:02.508357',11,0),(91,'20190516183604281','paying','alipay','用户未留言',367.30,NULL,'辽宁省鞍山市铁东区辽宁科技大学','王峰兴3','13782843256','2019-05-16 18:36:04.044445',2,0),(92,'20190516183605318','paying','alipay','用户未留言',307.60,NULL,'山西省大同市城区留村','张东1','13784876253','2019-05-16 18:36:05.757543',3,1),(93,'20190516183607444','paying','alipay','用户未留言',117.90,NULL,'福建省漳州市南靖县长溪村15号','索维3','12486293476','2019-05-16 18:36:07.543645',4,1),(94,'20190516183609515','paying','alipay','用户未留言',583.50,NULL,'上海市上海城区青浦区东城街14号','李明亮2','19827369237','2019-05-16 18:36:09.502758',5,1),(95,'20190516183613625','paying','alipay','用户未留言',431.00,NULL,'河南省驻马店市正阳县门前村','张晓明2','12728343823','2019-05-16 18:36:13.099963',6,1),(96,'20190516183615737','paying','alipay','用户未留言',851.40,NULL,'山东省滨州市无棣县韩景村','郭民2','19826437824','2019-05-16 18:36:15.473099',7,0),(97,'20190516183617899','paying','alipay','用户未留言',431.50,NULL,'黑龙江省鹤岗市兴山区寒山路12号','胡成1','17236894372','2019-05-16 18:36:17.962241',8,0),(98,'20190516183620971','paying','alipay','用户未留言',486.70,NULL,'内蒙古自治区通辽市奈曼旗科文路','韦博文3','12726934729','2019-05-16 18:36:20.016359',9,1),(99,'201905161836221065','paying','alipay','用户未留言',270.00,NULL,'江苏省淮安市盱眙县花蜜村','林奇3','17279346984','2019-05-16 18:36:22.998529',10,0),(100,'201905161836241161','paying','alipay','用户未留言',125.20,NULL,'河南省鹤壁市淇滨区可孚街','周平2','17385236423','2019-05-16 18:36:24.895638',11,0);
/*!40000 ALTER TABLE `trade_orderinfo` ENABLE KEYS */;
UNLOCK TABLES;

--
-- Table structure for table `trade_shoppingcart`
--

DROP TABLE IF EXISTS `trade_shoppingcart`;
/*!40101 SET @saved_cs_client     = @@character_set_client */;
/*!40101 SET character_set_client = utf8 */;
CREATE TABLE `trade_shoppingcart` (
  `id` int(11) NOT NULL AUTO_INCREMENT,
  `nums` int(11) NOT NULL,
  `add_time` datetime(6) NOT NULL,
  `goods_id` int(11) NOT NULL,
  `user_id` int(11) NOT NULL,
  PRIMARY KEY (`id`),
  UNIQUE KEY `trade_shoppingcart_user_id_goods_id_92225e66_uniq` (`user_id`,`goods_id`),
  KEY `trade_shoppingcart_goods_id_8b0f3cb4_fk_goods_goods_id` (`goods_id`),
  CONSTRAINT `trade_shoppingcart_goods_id_8b0f3cb4_fk_goods_goods_id` FOREIGN KEY (`goods_id`) REFERENCES `goods_goods` (`id`),
  CONSTRAINT `trade_shoppingcart_user_id_da423c9c_fk_users_userprofile_id` FOREIGN KEY (`user_id`) REFERENCES `users_userprofile` (`id`)
) ENGINE=InnoDB AUTO_INCREMENT=4 DEFAULT CHARSET=utf8;
/*!40101 SET character_set_client = @saved_cs_client */;

--
-- Dumping data for table `trade_shoppingcart`
--

LOCK TABLES `trade_shoppingcart` WRITE;
/*!40000 ALTER TABLE `trade_shoppingcart` DISABLE KEYS */;
INSERT INTO `trade_shoppingcart` VALUES (2,5,'2019-05-24 00:10:52.487528',1,9),(3,3,'2019-05-24 00:12:05.327694',66,9);
/*!40000 ALTER TABLE `trade_shoppingcart` ENABLE KEYS */;
UNLOCK TABLES;

--
-- Table structure for table `user_operation_useraddress`
--

DROP TABLE IF EXISTS `user_operation_useraddress`;
/*!40101 SET @saved_cs_client     = @@character_set_client */;
/*!40101 SET character_set_client = utf8 */;
CREATE TABLE `user_operation_useraddress` (
  `id` int(11) NOT NULL AUTO_INCREMENT,
  `province` varchar(100) NOT NULL,
  `city` varchar(100) NOT NULL,
  `district` varchar(100) NOT NULL,
  `address` varchar(100) NOT NULL,
  `signer_name` varchar(100) NOT NULL,
  `signer_mobile` varchar(11) NOT NULL,
  `add_time` datetime(6) NOT NULL,
  `user_id` int(11) NOT NULL,
  PRIMARY KEY (`id`),
  KEY `user_operation_usera_user_id_fe128593_fk_users_use` (`user_id`),
  CONSTRAINT `user_operation_usera_user_id_fe128593_fk_users_use` FOREIGN KEY (`user_id`) REFERENCES `users_userprofile` (`id`)
) ENGINE=InnoDB AUTO_INCREMENT=31 DEFAULT CHARSET=utf8;
/*!40101 SET character_set_client = @saved_cs_client */;

--
-- Dumping data for table `user_operation_useraddress`
--

LOCK TABLES `user_operation_useraddress` WRITE;
/*!40000 ALTER TABLE `user_operation_useraddress` DISABLE KEYS */;
INSERT INTO `user_operation_useraddress` VALUES (1,'北京市','北京城区','西城区','人民大道东路23号','王峰兴1','15842004510','2019-05-16 18:33:05.164214',2),(2,'河北省','承德市','鹰手营子矿区','南京路13号','王峰兴2','13939156732','2019-05-16 18:33:05.164214',2),(3,'辽宁省','鞍山市','铁东区','辽宁科技大学','王峰兴3','13782843256','2019-05-16 18:33:05.164214',2),(4,'山西省','大同市','城区','留村','张东1','13784876253','2019-05-16 18:33:05.215217',3),(5,'吉林省','辽源市','东丰县','邢村25号','张东2','13739223456','2019-05-16 18:33:05.215217',3),(6,'山东省','济南市','历城区','东林路17号','张东3','18736417344','2019-05-16 18:33:05.215217',3),(7,'江苏省','南通市','启东市','寒门路11号','索维1','13687387462','2019-05-16 18:33:05.263220',4),(8,'上海市','上海城区','长宁区','大门路22号','索维2','13486279835','2019-05-16 18:33:05.264220',4),(9,'福建省','漳州市','南靖县','长溪村15号','索维3','12486293476','2019-05-16 18:33:05.264220',4),(10,'江西省','景德镇市','珠山区','敬德村','李明亮1','13972934757','2019-05-16 18:33:05.303222',5),(11,'上海市','上海城区','青浦区','东城街14号','李明亮2','19827369237','2019-05-16 18:33:05.303222',5),(12,'山东省','青岛市','城阳区','刘兴路57号','李明亮3','18723649233','2019-05-16 18:33:05.303222',5),(13,'陕西省','汉中市','略阳县','浑南村','张晓明1','19732942734','2019-05-16 18:33:05.382226',6),(14,'河南省','驻马店市','正阳县','门前村','张晓明2','12728343823','2019-05-16 18:33:05.382226',6),(15,'浙江省','衢州市','衢江区','含光路24号','张晓明3','17893538624','2019-05-16 18:33:05.382226',6),(16,'天津市','天津城区','和平区','吉星街11号','郭民1','13084308482','2019-05-16 18:33:05.441230',7),(17,'山东省','滨州市','无棣县','韩景村','郭民2','19826437824','2019-05-16 18:33:05.441230',7),(18,'河南省','三门峡市','卢氏县','河西村','郭民3','13742693436','2019-05-16 18:33:05.441230',7),(19,'黑龙江省','鹤岗市','兴山区','寒山路12号','胡成1','17236894372','2019-05-16 18:33:05.480232',8),(20,'河南省','许昌市','鄢陵县','曲溪村','胡成2','12384283468','2019-05-16 18:33:05.481232',8),(21,'福建省','泉州市','泉港区','米市街','胡成3','17249326742','2019-05-16 18:33:05.481232',8),(24,'内蒙古自治区','通辽市','奈曼旗','科文路','韦博文3','12726934729','2019-05-16 18:33:05.529235',9),(25,'江苏省','连云港市','灌南县','湖西村','林奇1','12764937842','2019-05-16 18:33:05.581238',10),(26,'河南省','濮阳市','南乐县','韩府村','林奇2','13836783934','2019-05-16 18:33:05.581238',10),(27,'江苏省','淮安市','盱眙县','花蜜村','林奇3','17279346984','2019-05-16 18:33:05.581238',10),(28,'辽宁省','本溪市','南芬区','踢区街','周平1','12785174234','2019-05-16 18:33:05.640241',11),(29,'河南省','鹤壁市','淇滨区','可孚街','周平2','17385236423','2019-05-16 18:33:05.640241',11),(30,'山东省','聊城市','莘县','安顺路','周平3','12735827344','2019-05-16 18:33:05.640241',11);
/*!40000 ALTER TABLE `user_operation_useraddress` ENABLE KEYS */;
UNLOCK TABLES;

--
-- Table structure for table `user_operation_userfav`
--

DROP TABLE IF EXISTS `user_operation_userfav`;
/*!40101 SET @saved_cs_client     = @@character_set_client */;
/*!40101 SET character_set_client = utf8 */;
CREATE TABLE `user_operation_userfav` (
  `id` int(11) NOT NULL AUTO_INCREMENT,
  `add_time` datetime(6) NOT NULL,
  `goods_id` int(11) NOT NULL,
  `user_id` int(11) NOT NULL,
  PRIMARY KEY (`id`),
  UNIQUE KEY `user_operation_userfav_user_id_goods_id_2dbadda7_uniq` (`user_id`,`goods_id`),
  KEY `user_operation_userfav_goods_id_57fc554f_fk_goods_goods_id` (`goods_id`),
  CONSTRAINT `user_operation_userfav_goods_id_57fc554f_fk_goods_goods_id` FOREIGN KEY (`goods_id`) REFERENCES `goods_goods` (`id`),
  CONSTRAINT `user_operation_userfav_user_id_4e4de070_fk_users_userprofile_id` FOREIGN KEY (`user_id`) REFERENCES `users_userprofile` (`id`)
) ENGINE=InnoDB AUTO_INCREMENT=219 DEFAULT CHARSET=utf8;
/*!40101 SET character_set_client = @saved_cs_client */;

--
-- Dumping data for table `user_operation_userfav`
--

LOCK TABLES `user_operation_userfav` WRITE;
/*!40000 ALTER TABLE `user_operation_userfav` DISABLE KEYS */;
INSERT INTO `user_operation_userfav` VALUES (1,'2019-05-16 18:33:04.029149',45,2),(2,'2019-05-16 18:33:04.049150',10,2),(3,'2019-05-16 18:33:04.065151',16,2),(4,'2019-05-16 18:33:04.068151',67,2),(5,'2019-05-16 18:33:04.071151',44,2),(6,'2019-05-16 18:33:04.073152',56,2),(7,'2019-05-16 18:33:04.076152',49,2),(8,'2019-05-16 18:33:04.078152',78,2),(9,'2019-05-16 18:33:04.082152',23,2),(10,'2019-05-16 18:33:04.085152',18,2),(11,'2019-05-16 18:33:04.087152',69,2),(12,'2019-05-16 18:33:04.091153',34,2),(13,'2019-05-16 18:33:04.093153',31,2),(14,'2019-05-16 18:33:04.096153',76,2),(15,'2019-05-16 18:33:04.098153',54,2),(16,'2019-05-16 18:33:04.101153',71,2),(17,'2019-05-16 18:33:04.105153',26,2),(18,'2019-05-16 18:33:04.107154',61,2),(19,'2019-05-16 18:33:04.110154',43,2),(20,'2019-05-16 18:33:04.113154',40,2),(21,'2019-05-16 18:33:04.127155',2,2),(22,'2019-05-16 18:33:04.129155',19,2),(23,'2019-05-16 18:33:04.132155',11,3),(24,'2019-05-16 18:33:04.135155',67,3),(25,'2019-05-16 18:33:04.137155',44,3),(26,'2019-05-16 18:33:04.140155',46,3),(27,'2019-05-16 18:33:04.143156',83,3),(28,'2019-05-16 18:33:04.146156',70,3),(29,'2019-05-16 18:33:04.148156',86,3),(30,'2019-05-16 18:33:04.151156',51,3),(31,'2019-05-16 18:33:04.154156',19,3),(32,'2019-05-16 18:33:04.156156',41,3),(33,'2019-05-16 18:33:04.159157',71,3),(34,'2019-05-16 18:33:04.162157',40,3),(35,'2019-05-16 18:33:04.165157',76,3),(36,'2019-05-16 18:33:04.167157',13,3),(37,'2019-05-16 18:33:04.170157',85,3),(38,'2019-05-16 18:33:04.172157',37,3),(39,'2019-05-16 18:33:04.175157',53,3),(40,'2019-05-16 18:33:04.178158',49,3),(41,'2019-05-16 18:33:04.181158',10,3),(42,'2019-05-16 18:33:04.183158',21,3),(43,'2019-05-16 18:33:04.186158',60,3),(44,'2019-05-16 18:33:04.189158',43,3),(45,'2019-05-16 18:33:04.192158',3,4),(46,'2019-05-16 18:33:04.195159',53,4),(47,'2019-05-16 18:33:04.198159',43,4),(48,'2019-05-16 18:33:04.200159',57,4),(49,'2019-05-16 18:33:04.203159',70,4),(50,'2019-05-16 18:33:04.205159',34,4),(51,'2019-05-16 18:33:04.208159',31,4),(52,'2019-05-16 18:33:04.212160',67,4),(53,'2019-05-16 18:33:04.215160',46,4),(54,'2019-05-16 18:33:04.217160',60,4),(55,'2019-05-16 18:33:04.221160',15,4),(56,'2019-05-16 18:33:04.224160',59,4),(57,'2019-05-16 18:33:04.228160',76,4),(58,'2019-05-16 18:33:04.231161',44,4),(59,'2019-05-16 18:33:04.235161',65,4),(60,'2019-05-16 18:33:04.239161',24,4),(61,'2019-05-16 18:33:04.242161',63,4),(62,'2019-05-16 18:33:04.244161',66,4),(63,'2019-05-16 18:33:04.249162',7,4),(64,'2019-05-16 18:33:04.252162',38,4),(65,'2019-05-16 18:33:04.255162',88,4),(66,'2019-05-16 18:33:04.258162',8,4),(67,'2019-05-16 18:33:04.262162',68,5),(68,'2019-05-16 18:33:04.266163',37,5),(69,'2019-05-16 18:33:04.270163',45,5),(70,'2019-05-16 18:33:04.275163',2,5),(71,'2019-05-16 18:33:04.278163',80,5),(72,'2019-05-16 18:33:04.281163',20,5),(73,'2019-05-16 18:33:04.285164',26,5),(74,'2019-05-16 18:33:04.288164',27,5),(75,'2019-05-16 18:33:04.291164',63,5),(76,'2019-05-16 18:33:04.294164',43,5),(77,'2019-05-16 18:33:04.297164',76,5),(78,'2019-05-16 18:33:04.301165',28,5),(79,'2019-05-16 18:33:04.304165',58,5),(80,'2019-05-16 18:33:04.307165',12,5),(81,'2019-05-16 18:33:04.311165',85,5),(82,'2019-05-16 18:33:04.315165',78,5),(83,'2019-05-16 18:33:04.319166',66,5),(84,'2019-05-16 18:33:04.323166',64,5),(85,'2019-05-16 18:33:04.326166',88,5),(86,'2019-05-16 18:33:04.329166',17,5),(87,'2019-05-16 18:33:04.332166',79,5),(88,'2019-05-16 18:33:04.335167',42,5),(89,'2019-05-16 18:33:04.338167',8,5),(90,'2019-05-16 18:33:04.341167',62,6),(91,'2019-05-16 18:33:04.343167',80,6),(92,'2019-05-16 18:33:04.345167',86,6),(93,'2019-05-16 18:33:04.349167',53,6),(94,'2019-05-16 18:33:04.352168',59,6),(95,'2019-05-16 18:33:04.354168',31,6),(96,'2019-05-16 18:33:04.357168',20,6),(97,'2019-05-16 18:33:04.359168',47,6),(98,'2019-05-16 18:33:04.362168',76,6),(99,'2019-05-16 18:33:04.364168',77,6),(100,'2019-05-16 18:33:04.367168',5,6),(101,'2019-05-16 18:33:04.370169',72,6),(102,'2019-05-16 18:33:04.372169',84,6),(103,'2019-05-16 18:33:04.375169',32,6),(104,'2019-05-16 18:33:04.378169',75,6),(105,'2019-05-16 18:33:04.380169',71,6),(106,'2019-05-16 18:33:04.383169',11,6),(107,'2019-05-16 18:33:04.386169',43,6),(108,'2019-05-16 18:33:04.388170',29,6),(109,'2019-05-16 18:33:04.391170',24,6),(110,'2019-05-16 18:33:04.394170',37,6),(111,'2019-05-16 18:33:04.396170',61,7),(112,'2019-05-16 18:33:04.399170',16,7),(113,'2019-05-16 18:33:04.402170',24,7),(114,'2019-05-16 18:33:04.404171',77,7),(115,'2019-05-16 18:33:04.407171',21,7),(116,'2019-05-16 18:33:04.409171',71,7),(117,'2019-05-16 18:33:04.412171',31,7),(118,'2019-05-16 18:33:04.414171',73,7),(119,'2019-05-16 18:33:04.417171',81,7),(120,'2019-05-16 18:33:04.419171',62,7),(121,'2019-05-16 18:33:04.422172',60,7),(122,'2019-05-16 18:33:04.424172',70,7),(123,'2019-05-16 18:33:04.427172',8,7),(124,'2019-05-16 18:33:04.430172',39,7),(125,'2019-05-16 18:33:04.434172',83,7),(126,'2019-05-16 18:33:04.438172',34,7),(127,'2019-05-16 18:33:04.440173',51,7),(128,'2019-05-16 18:33:04.443173',50,7),(129,'2019-05-16 18:33:04.446173',48,7),(130,'2019-05-16 18:33:04.450173',17,7),(131,'2019-05-16 18:33:04.453173',42,7),(132,'2019-05-16 18:33:04.456173',7,7),(133,'2019-05-16 18:33:04.459174',45,7),(134,'2019-05-16 18:33:04.463174',55,8),(135,'2019-05-16 18:33:04.467174',52,8),(136,'2019-05-16 18:33:04.471174',32,8),(137,'2019-05-16 18:33:04.475175',64,8),(138,'2019-05-16 18:33:04.478175',12,8),(139,'2019-05-16 18:33:04.481175',72,8),(140,'2019-05-16 18:33:04.486175',66,8),(141,'2019-05-16 18:33:04.489175',41,8),(142,'2019-05-16 18:33:04.492176',75,8),(143,'2019-05-16 18:33:04.496176',48,8),(144,'2019-05-16 18:33:04.501176',9,8),(145,'2019-05-16 18:33:04.504176',19,8),(146,'2019-05-16 18:33:04.506176',86,8),(147,'2019-05-16 18:33:04.510177',61,8),(148,'2019-05-16 18:33:04.513177',37,8),(149,'2019-05-16 18:33:04.517177',8,8),(150,'2019-05-16 18:33:04.521177',47,8),(151,'2019-05-16 18:33:04.525177',5,8),(152,'2019-05-16 18:33:04.528178',85,8),(153,'2019-05-16 18:33:04.532178',80,8),(154,'2019-05-16 18:33:04.536178',73,8),(155,'2019-05-16 18:33:04.539178',42,9),(156,'2019-05-16 18:33:04.542178',70,9),(157,'2019-05-16 18:33:04.545179',88,9),(158,'2019-05-16 18:33:04.549179',73,9),(159,'2019-05-16 18:33:04.552179',75,9),(160,'2019-05-16 18:33:04.555179',28,9),(161,'2019-05-16 18:33:04.558179',3,9),(162,'2019-05-16 18:33:04.561180',79,9),(163,'2019-05-16 18:33:04.563180',80,9),(164,'2019-05-16 18:33:04.568180',77,9),(165,'2019-05-16 18:33:04.571180',22,9),(166,'2019-05-16 18:33:04.573180',35,9),(167,'2019-05-16 18:33:04.577180',85,9),(168,'2019-05-16 18:33:04.583181',27,9),(169,'2019-05-16 18:33:04.586181',21,9),(170,'2019-05-16 18:33:04.589181',26,9),(171,'2019-05-16 18:33:04.592181',13,9),(172,'2019-05-16 18:33:04.595181',16,9),(173,'2019-05-16 18:33:04.598182',64,9),(174,'2019-05-16 18:33:04.601182',2,9),(175,'2019-05-16 18:33:04.603182',32,9),(176,'2019-05-16 18:33:04.606182',71,10),(177,'2019-05-16 18:33:04.608182',29,10),(178,'2019-05-16 18:33:04.611182',84,10),(179,'2019-05-16 18:33:04.614183',40,10),(180,'2019-05-16 18:33:04.617183',43,10),(181,'2019-05-16 18:33:04.620183',74,10),(182,'2019-05-16 18:33:04.622183',64,10),(183,'2019-05-16 18:33:04.625183',13,10),(184,'2019-05-16 18:33:04.627183',82,10),(185,'2019-05-16 18:33:04.630183',55,10),(186,'2019-05-16 18:33:04.632184',78,10),(187,'2019-05-16 18:33:04.636184',79,10),(188,'2019-05-16 18:33:04.639184',59,10),(189,'2019-05-16 18:33:04.645184',52,10),(190,'2019-05-16 18:33:04.649185',48,10),(191,'2019-05-16 18:33:04.655185',32,10),(192,'2019-05-16 18:33:04.658185',41,10),(193,'2019-05-16 18:33:04.661185',26,10),(194,'2019-05-16 18:33:04.668186',12,10),(195,'2019-05-16 18:33:04.671186',50,10),(196,'2019-05-16 18:33:04.675186',9,11),(197,'2019-05-16 18:33:04.679186',6,11),(198,'2019-05-16 18:33:04.683186',45,11),(199,'2019-05-16 18:33:04.686187',74,11),(200,'2019-05-16 18:33:04.690187',71,11),(201,'2019-05-16 18:33:04.693187',28,11),(202,'2019-05-16 18:33:04.703188',60,11),(203,'2019-05-16 18:33:04.706188',41,11),(204,'2019-05-16 18:33:04.709188',83,11),(205,'2019-05-16 18:33:04.716188',14,11),(206,'2019-05-16 18:33:04.719189',80,11),(207,'2019-05-16 18:33:04.722189',70,11),(208,'2019-05-16 18:33:04.728189',50,11),(209,'2019-05-16 18:33:04.733189',19,11),(210,'2019-05-16 18:33:04.736190',88,11),(211,'2019-05-16 18:33:04.739190',87,11),(212,'2019-05-16 18:33:04.743190',55,11),(213,'2019-05-16 18:33:04.746190',17,11),(214,'2019-05-16 18:33:04.751190',58,11),(215,'2019-05-16 18:33:04.753190',22,11),(216,'2019-05-16 18:33:04.756191',51,11),(217,'2019-05-16 18:33:04.759191',40,11),(218,'2019-05-23 17:54:09.468709',1,9);
/*!40000 ALTER TABLE `user_operation_userfav` ENABLE KEYS */;
UNLOCK TABLES;

--
-- Table structure for table `user_operation_userleavingmessage`
--

DROP TABLE IF EXISTS `user_operation_userleavingmessage`;
/*!40101 SET @saved_cs_client     = @@character_set_client */;
/*!40101 SET character_set_client = utf8 */;
CREATE TABLE `user_operation_userleavingmessage` (
  `id` int(11) NOT NULL AUTO_INCREMENT,
  `message_type` int(11) NOT NULL,
  `subject` varchar(100) NOT NULL,
  `message` longtext NOT NULL,
  `file` varchar(100) NOT NULL,
  `add_time` datetime(6) NOT NULL,
  `user_id` int(11) NOT NULL,
  PRIMARY KEY (`id`),
  KEY `user_operation_userl_user_id_70d909d6_fk_users_use` (`user_id`),
  CONSTRAINT `user_operation_userl_user_id_70d909d6_fk_users_use` FOREIGN KEY (`user_id`) REFERENCES `users_userprofile` (`id`)
) ENGINE=InnoDB AUTO_INCREMENT=2 DEFAULT CHARSET=utf8;
/*!40101 SET character_set_client = @saved_cs_client */;

--
-- Dumping data for table `user_operation_userleavingmessage`
--

LOCK TABLES `user_operation_userleavingmessage` WRITE;
/*!40000 ALTER TABLE `user_operation_userleavingmessage` DISABLE KEYS */;
INSERT INTO `user_operation_userleavingmessage` VALUES (1,1,'巴金','可不可以上架一些巴金的书','','2019-05-24 01:37:20.818284',9);
/*!40000 ALTER TABLE `user_operation_userleavingmessage` ENABLE KEYS */;
UNLOCK TABLES;

--
-- Table structure for table `users_userprofile`
--

DROP TABLE IF EXISTS `users_userprofile`;
/*!40101 SET @saved_cs_client     = @@character_set_client */;
/*!40101 SET character_set_client = utf8 */;
CREATE TABLE `users_userprofile` (
  `id` int(11) NOT NULL AUTO_INCREMENT,
  `password` varchar(128) NOT NULL,
  `last_login` datetime(6) DEFAULT NULL,
  `is_superuser` tinyint(1) NOT NULL,
  `username` varchar(150) NOT NULL,
  `first_name` varchar(30) NOT NULL,
  `last_name` varchar(150) NOT NULL,
  `is_staff` tinyint(1) NOT NULL,
  `is_active` tinyint(1) NOT NULL,
  `date_joined` datetime(6) NOT NULL,
  `name` varchar(30) DEFAULT NULL,
  `birthday` date DEFAULT NULL,
  `gender` varchar(6) NOT NULL,
  `mobile` varchar(11) DEFAULT NULL,
  `email` varchar(100) DEFAULT NULL,
  `add_time` datetime(6) NOT NULL,
  PRIMARY KEY (`id`),
  UNIQUE KEY `username` (`username`)
) ENGINE=InnoDB AUTO_INCREMENT=12 DEFAULT CHARSET=utf8;
/*!40101 SET character_set_client = @saved_cs_client */;

--
-- Dumping data for table `users_userprofile`
--

LOCK TABLES `users_userprofile` WRITE;
/*!40000 ALTER TABLE `users_userprofile` DISABLE KEYS */;
INSERT INTO `users_userprofile` VALUES (1,'pbkdf2_sha256$100000$YYMlmg7W0Izn$xNH42mJ5Tt5hdMWHpWX3NqJDSeBXos3ia9IWZkJVpVM=','2019-05-21 09:50:20.222290',1,'wei','','',1,1,'2019-05-16 18:18:18.638508',NULL,NULL,'female',NULL,'153247@qq.com','2019-05-16 18:18:18.638508'),(2,'pbkdf2_sha256$100000$aLQI0rvuX0He$8j5AZqAXVHLL8N9IU6MxVUvettsH4WZG3UuXr3wT+RY=',NULL,0,'15842004510','','',0,1,'2019-05-16 18:33:00.065922','王峰兴','2019-05-16','male','15842004510','15842004510@163.com','2019-05-16 18:33:00.065922'),(3,'pbkdf2_sha256$100000$LdXvHTsYmZXA$QnupWE1h3bXch6rfvCiWiYm564/cWgaaFBydHFni4/g=',NULL,0,'15842004511','','',0,1,'2019-05-16 18:33:00.395941','张东','2019-05-16','female','15842004511','15842004511@163.com','2019-05-16 18:33:00.395941'),(4,'pbkdf2_sha256$100000$lgijcdYyOnrs$MIw88ewr7AUxLKI+8in3YdM0WXSHyyo4hPODNQwyqcQ=',NULL,0,'15842004512','','',0,1,'2019-05-16 18:33:01.521006','索维','2019-05-16','male','15842004512','15842004512@163.com','2019-05-16 18:33:01.521006'),(5,'pbkdf2_sha256$100000$8A3omEJ4cz1K$F3UYTKDkJfDTI+eNN6cYgDzTB0YBxkHLRco5rTGRC+s=',NULL,0,'15842004513','','',0,1,'2019-05-16 18:33:01.876026','李明亮','2019-05-16','male','15842004513','15842004513@163.com','2019-05-16 18:33:01.876026'),(6,'pbkdf2_sha256$100000$s8D6uafr7qAq$AsZgh3wi6QTSGfoJecDCJ4pXHnBh9irqIEzym42vaEI=',NULL,0,'15842004514','','',0,1,'2019-05-16 18:33:02.197044','张晓明','2019-05-16','male','15842004514','15842004514@163.com','2019-05-16 18:33:02.197044'),(7,'pbkdf2_sha256$100000$7teDgcPzXFq1$LnE81KQzPU+bHeiEy2wPsqlvRZomSR93LFgg4fpG0ys=',NULL,0,'15842004515','','',0,1,'2019-05-16 18:33:02.556065','郭民','2019-05-16','male','15842004515','15842004515@163.com','2019-05-16 18:33:02.556065'),(8,'pbkdf2_sha256$100000$icGK63cQQBV8$H2nAt5ng7+M+o203a41WkscUee+Gdz9jNoRQde+oyY4=',NULL,0,'15842004516','','',0,1,'2019-05-16 18:33:02.821080','胡成','2019-05-16','male','15842004516','15842004516@163.com','2019-05-16 18:33:02.821080'),(9,'pbkdf2_sha256$100000$JC7tZq2AZBoq$R/v+4K+tHobTFw7aeQLHKCAaKK3PezmqBo62GQrRvkk=',NULL,0,'15842004517','','',0,1,'2019-05-16 18:33:03.205102','韦博文','2019-05-16','male','15842004517','15842004517@163.com','2019-05-16 18:33:03.205102'),(10,'pbkdf2_sha256$100000$lrKFaes8Zo1B$W6QwQRUUftn1FGy2Us06ghxzmIcpVu5TKjzdtUTdJC8=',NULL,0,'15842004518','','',0,1,'2019-05-16 18:33:03.490118','林奇','2019-05-16','male','15842004518','15842004518@163.com','2019-05-16 18:33:03.490118'),(11,'pbkdf2_sha256$100000$jyIwi2LDwwxL$wwWpu+WqwfdQyRwgg0N12dJKn8vvomDmq/VkBizoNDA=',NULL,0,'15842004519','','',0,1,'2019-05-16 18:33:03.765134','周平','2019-05-16','male','15842004519','15842004519@163.com','2019-05-16 18:33:03.765134');
/*!40000 ALTER TABLE `users_userprofile` ENABLE KEYS */;
UNLOCK TABLES;

--
-- Table structure for table `users_userprofile_groups`
--

DROP TABLE IF EXISTS `users_userprofile_groups`;
/*!40101 SET @saved_cs_client     = @@character_set_client */;
/*!40101 SET character_set_client = utf8 */;
CREATE TABLE `users_userprofile_groups` (
  `id` int(11) NOT NULL AUTO_INCREMENT,
  `userprofile_id` int(11) NOT NULL,
  `group_id` int(11) NOT NULL,
  PRIMARY KEY (`id`),
  UNIQUE KEY `users_userprofile_groups_userprofile_id_group_id_823cf2fc_uniq` (`userprofile_id`,`group_id`),
  KEY `users_userprofile_groups_group_id_3de53dbf_fk_auth_group_id` (`group_id`),
  CONSTRAINT `users_userprofile_gr_userprofile_id_a4496a80_fk_users_use` FOREIGN KEY (`userprofile_id`) REFERENCES `users_userprofile` (`id`),
  CONSTRAINT `users_userprofile_groups_group_id_3de53dbf_fk_auth_group_id` FOREIGN KEY (`group_id`) REFERENCES `auth_group` (`id`)
) ENGINE=InnoDB DEFAULT CHARSET=utf8;
/*!40101 SET character_set_client = @saved_cs_client */;

--
-- Dumping data for table `users_userprofile_groups`
--

LOCK TABLES `users_userprofile_groups` WRITE;
/*!40000 ALTER TABLE `users_userprofile_groups` DISABLE KEYS */;
/*!40000 ALTER TABLE `users_userprofile_groups` ENABLE KEYS */;
UNLOCK TABLES;

--
-- Table structure for table `users_userprofile_user_permissions`
--

DROP TABLE IF EXISTS `users_userprofile_user_permissions`;
/*!40101 SET @saved_cs_client     = @@character_set_client */;
/*!40101 SET character_set_client = utf8 */;
CREATE TABLE `users_userprofile_user_permissions` (
  `id` int(11) NOT NULL AUTO_INCREMENT,
  `userprofile_id` int(11) NOT NULL,
  `permission_id` int(11) NOT NULL,
  PRIMARY KEY (`id`),
  UNIQUE KEY `users_userprofile_user_p_userprofile_id_permissio_d0215190_uniq` (`userprofile_id`,`permission_id`),
  KEY `users_userprofile_us_permission_id_393136b6_fk_auth_perm` (`permission_id`),
  CONSTRAINT `users_userprofile_us_permission_id_393136b6_fk_auth_perm` FOREIGN KEY (`permission_id`) REFERENCES `auth_permission` (`id`),
  CONSTRAINT `users_userprofile_us_userprofile_id_34544737_fk_users_use` FOREIGN KEY (`userprofile_id`) REFERENCES `users_userprofile` (`id`)
) ENGINE=InnoDB DEFAULT CHARSET=utf8;
/*!40101 SET character_set_client = @saved_cs_client */;

--
-- Dumping data for table `users_userprofile_user_permissions`
--

LOCK TABLES `users_userprofile_user_permissions` WRITE;
/*!40000 ALTER TABLE `users_userprofile_user_permissions` DISABLE KEYS */;
/*!40000 ALTER TABLE `users_userprofile_user_permissions` ENABLE KEYS */;
UNLOCK TABLES;

--
-- Table structure for table `users_verifycode`
--

DROP TABLE IF EXISTS `users_verifycode`;
/*!40101 SET @saved_cs_client     = @@character_set_client */;
/*!40101 SET character_set_client = utf8 */;
CREATE TABLE `users_verifycode` (
  `id` int(11) NOT NULL AUTO_INCREMENT,
  `code` varchar(10) NOT NULL,
  `mobile` varchar(11) NOT NULL,
  `add_time` datetime(6) NOT NULL,
  PRIMARY KEY (`id`)
) ENGINE=InnoDB AUTO_INCREMENT=11 DEFAULT CHARSET=utf8;
/*!40101 SET character_set_client = @saved_cs_client */;

--
-- Dumping data for table `users_verifycode`
--

LOCK TABLES `users_verifycode` WRITE;
/*!40000 ALTER TABLE `users_verifycode` DISABLE KEYS */;
INSERT INTO `users_verifycode` VALUES (1,'1230','15842004510','2019-05-16 18:32:59.816908'),(2,'1231','15842004511','2019-05-16 18:32:59.816908'),(3,'1232','15842004512','2019-05-16 18:32:59.816908'),(4,'1233','15842004513','2019-05-16 18:32:59.816908'),(5,'1234','15842004514','2019-05-16 18:32:59.816908'),(6,'1235','15842004515','2019-05-16 18:32:59.816908'),(7,'1236','15842004516','2019-05-16 18:32:59.816908'),(8,'1237','15842004517','2019-05-16 18:32:59.816908'),(9,'1238','15842004518','2019-05-16 18:32:59.816908'),(10,'1239','15842004519','2019-05-16 18:32:59.816908');
/*!40000 ALTER TABLE `users_verifycode` ENABLE KEYS */;
UNLOCK TABLES;
/*!40103 SET TIME_ZONE=@OLD_TIME_ZONE */;

/*!40101 SET SQL_MODE=@OLD_SQL_MODE */;
/*!40014 SET FOREIGN_KEY_CHECKS=@OLD_FOREIGN_KEY_CHECKS */;
/*!40014 SET UNIQUE_CHECKS=@OLD_UNIQUE_CHECKS */;
/*!40101 SET CHARACTER_SET_CLIENT=@OLD_CHARACTER_SET_CLIENT */;
/*!40101 SET CHARACTER_SET_RESULTS=@OLD_CHARACTER_SET_RESULTS */;
/*!40101 SET COLLATION_CONNECTION=@OLD_COLLATION_CONNECTION */;
/*!40111 SET SQL_NOTES=@OLD_SQL_NOTES */;

-- Dump completed on 2019-05-29 15:32:04
